CreditHistory,EmploymentDuration,Housing,purpose,Savings,Group,Gender
0.16388578548037913,0.06320805112938614,0.00637093804340111,-0.028304157941347514,-0.014852132875821556,-0.004145443568995688,0.02495839893701486
0.007670748386844936,-0.00207210463260708,0.030582318195229163,0.05270102095707443,-0.0988929360551265,-0.04207014791609254,-0.015362547421827912
0.0712728571437583,-0.11671985933213365,0.011358699072879971,0.04937537508165408,-0.05312976248533231,-0.021435904725312867,0.04645034614863107
-0.08852818073995877,0.045889701994019566,0.012317807603103576,-0.0109273023741116,-0.07788505567616084,0.11279602947133753,0.04585743085684953
0.005342554672679398,-0.10684362983973188,0.021198052043910138,0.05111240744132374,0.10294410839487682,-0.014553947420863552,0.025704698954941704
0.05377700416931475,0.0038432865381037118,0.046614702139377184,-0.11206935520211117,-0.019762429479451383,0.08034865023211751,0.05073622907977551
0.07891051123708166,0.07324375378469995,-0.03477816895407159,0.16042479751617067,0.04232693520389148,0.08463520109602542,0.018713970498065464
0.07015983155470168,-0.010268960983303259,-0.12811765694103086,0.00786687349758722,-0.014529703665466513,0.016745730999828082,-0.02527585287578404
0.07557180798590707,-0.016215279878670115,0.039821493381314216,-0.07488360549104983,0.0015920421978080422,-0.029326613256998826,0.006930235668551177
-0.043499160179817406,0.022985505370743342,0.03762402663298417,0.08753674360251353,-0.00451047137008573,-0.0239487155056122,-0.032979818669846284
-0.0044438281686962,0.009540254783350972,0.043556397952015685,0.14453763315243126,-0.009721621973003492,0.1819599802682933,0.06661899176659063
-0.012813937028804505,-0.01892913775933265,0.02457741393169272,0.06322417203875375,0.029198995501519682,0.09619313295637767,0.04189885615662206
0.08904208333260613,-0.05680068692156055,-0.06856137838905853,-0.14133266831282526,-0.04324471311629168,0.0064162597929680485,-0.03193938533921028
-0.027646523918210725,-0.012306413166588755,0.0417646595196129,0.08269323004918988,-0.06643893689499236,0.022562934062007114,0.04329713999060914
-0.05143911629769719,0.07574433207162656,0.05033956466450036,0.014479351748959745,0.028728153266529263,-0.0214297182282462,0.005572529969504103
-0.008896855258535653,0.004288615736750217,0.01735378107201541,-0.26077546266416896,0.009372507898806365,-0.006228584885375313,0.08111214334552642
0.022952844159190137,-0.004229646020467046,0.031186148347042038,0.03565523773353562,0.15367086869315244,-0.004005026550512412,-0.03385410980146844
0.0023930685070990888,0.012580593790844431,0.0318307231288054,0.12390602719984603,-0.04826799208429293,0.028594525429052737,0.014523618757957593
0.08123865511925032,0.02933075434893908,-0.09683671933205916,0.07330817837861105,0.05666445124112216,-0.02398163118370576,0.055125441968557426
-0.018699356905508467,0.0005198363876843351,-0.15653205424288902,-0.21291834486448352,-0.01791462193628831,-0.0033965378224820597,0.0028061880043242127
0.12323937762052085,0.06264201496895111,0.013645997572748456,0.03258994598720165,-0.007048255749759845,0.1385569298050541,-0.036231278429040684
-0.025771928048488917,0.04953024080499745,0.025196161043422764,0.054158594960026674,-0.062414290233937214,-0.023124443550768772,0.04229006410459988
-0.11413698310356267,-0.04141249691203484,0.055977235301979816,0.06478129147762958,0.14472828210971786,0.10109831562207545,0.02323087756813038
0.021136274903838063,0.08365060792501026,-0.06530569375870983,0.0905505466565228,0.054032062951391714,0.012960078238666028,0.027360908774426207
-0.030388347715779675,0.060852147766636326,-0.10227485326657187,-0.12023935137058285,0.1613936198365991,-0.04047784182941541,0.017289876472204924
-0.04927390517492312,0.04983044725682703,-0.1047896530509388,0.10708456849621144,-0.07567495618735846,-0.002487032239732798,0.05015793574450072
0.060516716546844686,0.014067174406154664,0.016616894374819825,-0.12359755963683712,-0.02481857311548083,0.09982105979252083,0.01585368735715747
0.008870163646060969,0.011490390469134578,0.013703969186972243,0.031506581180728965,-0.017707048774973373,-0.0025700223269086563,0.049378488153452055
-0.038386612254289514,0.017910751395102124,0.047487563415488696,-0.023646983940998317,-0.04168376773966884,-0.018448922909155955,-0.060020504862768574
0.009623027048837685,0.0622131932287448,0.03665754934401775,0.05303490739184781,0.060163027941125616,-0.013996864758737501,0.026694822422578
-0.023259461575617025,0.054018502751787316,0.027710209256583768,0.09810505163210108,-0.030359867687730007,-0.006110169091261924,-0.03791144537099171
0.15893123261826986,0.0050453162916528505,-0.15608719337953514,-0.1152982681325193,-0.016513655495873542,-0.00826274343278783,-0.004543206571834162
-0.0523766682398491,-0.0991951841348782,-0.09975414757598627,-0.05342240966361715,0.07032418885981315,-0.009496375781745883,-0.07300040631089359
0.014329457574804113,-0.11222060527536087,0.019785911173239586,0.07112620003354095,0.008035549037449527,-0.017468916577345225,0.009369275321951136
0.045962539927477335,0.03182238769826653,0.02351335214174469,0.05221603564335965,-0.0255908730745432,-0.006680178468595841,-0.03824138834839687
-0.011725346374114452,-0.03883607731218945,0.0315748984774109,0.07637040599389366,-0.061786425804384634,-0.00966227493081533,-0.06407006510940846
0.056870100723317586,0.019899609061030787,0.03122319251790032,-0.010022931287530807,-0.02771213974265265,-0.03871325328276726,0.07246978521812707
-0.006129996308736733,0.051913367864472086,0.03779919218577561,0.04928813079990505,-0.01208813086617738,-0.0076604952273191885,0.02264169321337249
-0.04766706573114788,-0.0048846182219131114,-0.2275015211866776,-0.06643743813387118,-0.03981163138836565,0.031897628536826234,-0.00248432032763958
-0.019132358871975157,0.11327520306891528,-0.09448260054090496,-0.06608956489391858,-0.08305488961203084,-0.009781510721586529,-0.022882434557541274
-0.23672066838851605,0.01912798741148436,-0.13634829411239482,-0.19413622889900575,-0.009584363570684215,-0.029951623058877885,0.07581022924045101
0.033644916372431916,0.01639958300242142,0.040224788592167895,0.08310261057260505,0.008379173378525591,-0.00852919522068987,0.022737542174290866
-0.3349785421194429,-0.08959965874579211,0.01711160943188588,-0.03162769947288325,0.08774063413969999,0.03609105854877271,-0.07474044785427396
-0.16348329635584374,-0.014548230224536385,0.04851498428848572,-0.10789936613648024,0.0419894534818377,-0.01815307694982039,-0.00039628856000490487
0.12393524075647293,0.0217018720084161,0.016311480036092688,-0.15572190684035375,-0.02617423157025768,-0.007703003954375163,0.028477056212723256
0.011483060149221274,0.0400611447092524,0.019856972163397584,0.06858574368045084,0.015258975364486106,-0.009342344016768039,0.02396693822927773
-0.05070127984919963,-0.08813335281223772,0.03537661799360649,0.05039636815257837,-0.054342825772910136,-0.00921680449770065,0.004935997677966953
-0.047417346176953284,-0.05369892575210542,0.04913976224328508,-0.0012133007399097535,-0.03610580240900162,-0.009377140007272829,0.057375188504811374
-0.029344498965219824,0.003151565807856969,-0.17113293406000593,-0.01992484007139865,0.047000095197508925,-0.015320803028080263,0.023873189312871544
0.05336205696410616,0.031607072459955816,0.034298797025257954,0.0735681736583865,0.023949846323012024,-0.008105159546539653,-0.0399689301737817
-0.002151289150096998,-0.001954123030009216,-0.03933654490785556,0.10875324626489603,0.06899261506809125,-0.008964034146920312,0.024985605364781803
-0.023993620391702282,0.06060502416308736,0.034556176806509034,-0.07064191330420727,-0.04359856714527268,-0.009440912942227441,0.018474776353687047
-0.06214034538254056,-0.10864892122408493,-0.1846497376014304,0.03672330512352346,-0.0412738644946512,-0.008870239011303056,0.021197662272024898
0.018436874105318562,0.0372328579492023,0.029862771366024388,0.08343134590726549,0.010225487119187164,-0.008137245664092916,-0.0019440465600928292
0.015247238207030018,0.09372750612434176,0.01608293714176398,0.05227484986669878,0.11280053665817832,-0.009267774792097044,-0.03445472160121426
-0.11162669622061004,-0.06821678417596559,0.06658350059722579,0.02014963499321312,-0.003312524093998945,-0.008630124635674292,0.0019293635676149278
-0.033314644768361185,-0.029210327559812867,-0.20637054235336108,-0.08681689662917051,-0.09688221421056367,-0.028398151544388385,0.04060984387178905
-0.013901684277843742,-0.009844340098134128,0.0354932922621083,0.13565890833859154,-0.034733594483041086,-0.01837499469605973,0.055735465067555195
0.003458984886965483,-0.0007095159098389541,0.0237513749232312,0.01720128850880429,-0.058007225377659774,0.07164258097785932,0.03118631318968255
-0.012715168488430212,0.04060126993987069,-0.1614292059136642,-0.10766550904249016,0.07810828540605144,-0.007199576846614946,0.028486897446564397
-0.008318296600955366,0.01943798839798546,0.03192870762446546,0.18595746004648386,-0.025737258773115168,-0.018155890566995368,0.022308157777879388
-0.04220078313606791,0.06095148477485055,-0.15378769473314605,0.00580227053396811,0.015807160284675777,-0.016715882027929185,0.03512338511121925
-0.028564256206591383,0.01010997109638993,0.029514606491138688,0.061954045928760026,-0.021762743904619127,-0.006851852225809125,0.03478565509722102
0.00584832201649988,0.0033275900183070933,0.01975533725388232,-0.2706813560070259,0.014263228034687922,-0.008822052945397445,-0.06608776696957648
-0.1398087564473826,0.009240564783685843,0.0511359950392216,0.03077352700325718,0.0989818919046229,-0.018558046159159857,-0.046875906655332075
-0.26168046691745983,0.01552435919002164,-0.08548589560843538,-0.07683625652418412,0.01076719970507838,-0.0132907608984533,0.0382127110788133
0.08240430092613678,-0.0052226476983923895,0.030014993632212283,-0.13004391802969625,0.025229101240583997,-0.006627743781282333,-0.01586776529264171
0.014648891914002888,0.03000402700279665,0.04809034080215497,-0.02341819534856768,-0.008006315268285108,-0.011728288131125737,-0.033367630869615826
-0.01772030006261048,0.038617002642713484,0.01144788702673395,-0.035324697441901656,0.13589025413211855,-0.007524734614999033,0.04333126583951526
0.08406238201441738,-0.004851735532793102,0.028749735871060694,0.02045558339377749,-0.014171608956094131,-0.015543080316638225,0.02169150981819257
0.12159373243315713,-0.06402564407622775,0.019457167349464725,0.05066997424561123,-0.04474487572937505,-0.0065226367791001395,-0.0064218757778871805
-0.013194136483034531,0.06602303996085539,0.04125663244893076,0.08443269002162197,-0.024130805326349217,-0.028305166488862596,-0.018492603473132477
-0.03224456953688787,0.02932419318633038,0.033156804284226384,0.15958160063601098,-0.005386197439656825,-0.009321063802053687,0.023074882826185784
0.0832370554341469,0.02179928946105065,0.022490598169933942,0.004363965194061169,0.055165540913913014,0.04738297345225874,5.457916995510459e-06
0.06494329093460692,0.047224604753573665,0.015086749895599497,-0.1598679262663063,0.11167249327958416,-0.028053422024604514,0.008944423042994459
0.10107422592167496,0.03861463854329486,-0.023205385986948383,0.007265808920201382,0.023826760679949068,-0.009603338203087333,-0.06491349154617637
-0.03587977508223048,0.009568606838802224,0.024939808807393996,-0.07358454062006785,0.27536840638360444,0.16496790986995621,0.059844525365624575
0.006228241901990259,0.02379236093307554,0.02625284735520836,0.01154018246961641,-0.06085549371731759,-0.007210936842602678,-0.0008506982383551076
-0.0010507967061857918,-0.11142928470293556,0.039139770779511314,-0.040394231651735016,-0.04658974700811086,0.03524658886075485,0.05426160743983928
-0.0014845634394441733,0.029294220802039486,0.04765879545622738,0.06165553305236245,-0.016518570186199216,-0.01857057775501744,0.011080750193214044
-0.004192655445476701,0.021041383268384374,0.03436002376052784,-0.04026885415019933,-0.02007182288019976,-0.011270452929020394,0.03483768306963611
-0.07189620222521625,-0.12588289379986234,0.03471752142722835,0.0823399216104008,-0.02428350406269601,-0.00858639500431309,0.05158738286001608
0.13087525025246574,-0.005149982411894596,-0.053859707951887686,0.08409598931310029,-0.014246768238954247,0.07846774491714313,-0.036190789085812865
-0.015310753262892829,0.03280300084074042,0.04644488115751301,-0.09059776353866254,0.06280595190666644,-0.00793570290756179,0.03540596821636427
-0.02836973483088514,0.009847364563465818,0.032449512246821535,-0.05508348349379958,-0.04408490826310298,-0.007728664844544255,-0.0028920897032367067
-0.03481499998444633,-0.02596732396181324,0.03641961229623121,-0.13227973161687262,0.00778739064371621,-0.008708166566939325,0.0025583523424575105
0.13259761299108505,-0.01599695267083007,0.028378687726944917,-0.1404544800563963,-0.0026830896212049985,-0.008831969132588711,0.030101472242968157
0.027454701709539224,0.015896389484332762,0.03377543472015532,-0.04530162453673255,0.07089447837061016,-0.008613977176137268,0.011858494871412405
0.011895675362284235,0.07048949930656817,-0.06660217120352173,0.2843245652293263,0.1426651532074902,-0.009741025720722973,-0.0736762295808876
0.014589448980659656,-0.05256716532392602,0.03432848926328006,0.09688149685454846,-0.2157685151197802,-0.018043179989981582,0.045159999466850426
0.006658944094178882,0.027483158057093532,-0.07493433675015694,-0.21165126788873748,0.004014352945669089,-0.02194300152856158,0.1064210340922
0.03397019310876203,0.012891975814636678,-0.08243798663897905,0.023650750888991757,0.1314993240907825,-0.016367729562625756,0.0067319025186588985
0.004751675211082332,0.02905402064265218,0.03137937122868606,-0.04271979281918902,0.06513365748396609,0.028114027915507905,-0.001935028531588614
-0.03271030034833529,0.028349346743070783,0.047682493599859314,0.001393129002608474,-0.008808526846842142,-0.009062159367022104,0.01595744424208533
0.02127737323662586,0.021646534295578026,-0.03522023625104339,0.07798463509316209,-0.037080111645846035,-0.009070098074080307,0.008221546042477712
0.14161740157940586,0.011687345509126316,0.020077197562059158,-0.15005133624188605,0.0019511267804045926,-0.02925795074297639,-0.1210513652447844
0.0982112851909187,0.0292887987598806,0.005585685496298539,-0.03765517348263528,-0.02151533106341958,-0.0157194847320352,-0.07348364414239768
0.05949973837021389,-0.07871053282284265,0.02243944998394,-0.087632907833613,0.01969731856035652,0.0707338022836484,-0.04836389511125162
-0.20303683629201266,0.06393016923568211,-0.2395934041670989,-0.08910713106262848,-0.06002521891139623,-0.00782116306509124,0.0318624481750885
0.02432160596861649,0.019952626867670915,0.05015244416004862,-0.0452329152146558,-0.009995581229377423,-0.008991211739194115,-0.003929877873742953
-0.040411874057608654,-0.1623872098746506,-0.09340198183104803,0.049625051250332036,-0.1077323644221906,-0.009167419408040587,0.009428060090867803
-0.01768496956174204,0.023852408305428983,0.04342454512392578,-0.08509358327009975,-0.02137668126844801,-0.007367159713612637,0.01573956943815574
-0.06440943621346379,-0.05465834682574496,-0.17355467908142602,-0.03586766913580504,-0.05379978020217095,-0.007930681363195618,-0.003587892290088348
-0.027796993680876764,0.007274234883443568,0.04951792384745205,-0.03684921507647231,-0.0112671413008502,-0.015143824103433871,-0.07066195717779919
0.02920739814746412,-0.00137960043228304,0.018217583817640843,0.1322687341277924,0.045368693527434514,-0.01804637136403471,-0.0031747936803731137
-0.19231600511131547,-0.007623304101562098,-0.17445583524997346,0.13691404441866326,0.0025222423435116072,0.026936759693198836,0.00684446946659591
-0.03899152150410373,0.028715046593624723,-0.069818117017021,-0.10420165748921137,0.10606911753980966,-0.009636599168588873,0.055036768415593545
-0.008928881631582043,-0.004978754707572079,0.025874768038775076,0.0797631882182759,0.033955033009569896,-0.01617902714613592,-0.006841125102364458
-0.002152681337465764,0.022150885577630102,0.0413397231901763,0.026053058378092825,-0.02714320652616152,-0.007597988698398695,0.051830031028948724
0.01908983105295192,0.00790990312343638,0.012750248722877586,0.11383220437448473,-0.007384024869825225,-0.015377272154946695,0.04303013638476841
-0.0005946688752374031,-0.003191774986335077,-0.1452421893047722,-0.03373168359772536,-0.0565420973336586,-0.022625998260718917,-0.01852447183628101
-0.055308551465241176,0.05120817437637015,0.03158144251530757,-0.1054016235821473,-0.08427153411896142,-0.011378190375107806,0.08407158527348656
-0.037082962948443314,0.010557139003867629,0.021766908512763618,0.12091735255555247,-0.010385219086747385,0.06506413534671082,0.010606006541056558
-0.13842413389545982,0.03273417715594405,-0.08089409118096229,-0.01995318230769044,0.0956929734372534,0.05009006426436827,-0.08916779826395213
0.02418261924298349,-0.0654126701090172,0.043931273157795665,0.058663473093474736,-0.004611573807269451,-0.008439499744927161,0.01915161684853956
-0.01793485215128385,0.008417941820516715,-0.2033643072207269,0.0934034592052558,-0.04156341966358013,0.03253400451125344,-0.0370290801191004
-0.024727349263994256,-0.010777656984864737,-0.08429754410168243,-0.264684724315448,-0.0017210405216610547,-0.009342344016768039,-0.03102022568753455
-0.049031434208154666,0.02959457307952107,0.0345209069242992,-0.1604672442585434,-0.012608806948919664,-0.008540452408851706,-0.002291983168106526
0.015456330609958966,0.04499451210111147,0.018211803777085152,0.05261030249908799,-0.006893553918780526,-0.007402024952316424,-0.07297339555050712
0.05620421424438973,-0.16286622266417908,0.012850600584933997,0.0016702017829084118,-0.018340026738951562,-0.018428720591473394,0.023668206452857703
-0.06500494650332257,-0.0037586791397188797,-0.15084555700028432,-0.08016711598707843,-0.008827524197113232,-0.007934412982504,0.01765371143235825
-0.01169762857811292,0.019114765854283174,0.034673248432809486,0.010283723336906405,-0.01822215755448269,-0.02988996010564733,0.07674309626454487
0.013789324392128035,0.0633250587947623,0.021058150891622062,0.08491090593881381,0.01831176124404009,-0.018152416678785813,-0.003839489478850737
0.09662982638899847,0.015683367420642753,0.01771273376067256,0.10281526335529632,-0.017125896627985637,0.030907132925494806,0.028010692801326512
-0.02486915177985793,0.03695892399031436,-0.06851496156785289,-0.06580159834746155,0.067621714575871,-0.029251269912783755,0.0771695015381556
-0.01725931508975918,-0.038370886711709316,0.019566554300399733,-0.15091150763422775,-0.019080427067819983,-0.009498255553480703,-0.03354778108652681
0.08626662360129557,-0.0040168814037315325,0.021112245338845242,0.05841766851823195,-0.013082670879230136,0.03589162113465136,0.05647601419361308
0.049285773394512934,-0.03804618972648313,0.03860033141478197,-0.21932718579912036,-0.055224806897458616,-0.014951007093550288,-0.00205203645164147
0.039089124357706166,0.012293715290652471,-0.02078795399065712,-0.11046232004649936,0.1445271597044484,-0.007197839902510168,-0.00348075961926952
0.1117832054804967,-0.010786817707066805,0.02544637972860073,-0.15075588340088872,-0.001812118031739373,-0.009281670344935265,0.025789475455530918
-0.031313665012021374,0.005765178627189015,-0.16960330799174694,0.11742527462905855,-0.06014132290270936,-0.00946331673534587,0.017658806508406996
0.10008204630805266,0.06216782335934112,0.02591742553220684,0.1264964763131138,-0.025429562722347324,-0.009268920715257992,0.044244093110319224
0.0706349237838367,-0.007597818179110619,0.02320563787827268,0.04111099541813018,0.060381899603162315,-0.014904223279518191,0.05442858722410165
0.2369046193095164,-0.01616238151000289,-0.06393001959848335,-0.008971805064065847,0.0015489627353235855,-0.016765006203204393,-0.03849796160880942
0.1374091017399587,-0.09446723563414708,-0.16325688002314565,0.024052553227302268,0.014185406045435231,-0.007199576846614946,0.006491955802193843
0.13112314906553366,0.07040528766316129,0.029347239064773017,0.06720902066808775,-0.02871480081696063,-0.009363845737243536,0.03617837599595077
-0.024171984359072668,0.007496649727436305,-0.11613155806349824,-0.04612471732252744,0.09448315293928318,-0.018549693310051227,0.01613103525713086
0.2555213658745015,0.023974404994078213,0.023373893791722368,0.048526858219265716,-0.018014202171398215,-0.006260019198507507,0.03013704483746551
-0.2012183353283217,0.0106244726391742,0.027786701209479358,0.08476599915491534,-0.06467370578895497,-0.029199014015248395,-0.12039436124730855
0.10101422204139453,0.0035255544280516898,-0.017588485503074482,-0.02849602967027749,0.0971331682204618,-0.018124568464700133,0.005576532959239557
0.013445388213112893,-0.012057654175914648,0.01666724767841515,0.15468481512449214,0.12800664078746193,0.028238998241140508,0.032673847088590266
-0.0030368701362567603,0.014786004728084662,0.03360877673927462,0.1591920971502259,-0.02921612001955509,-0.008576240285910898,0.05340992008626927
-0.021833959741888974,-0.05298090446944116,-0.13668646147227265,-0.012568852696567776,-0.04082866574732178,-0.018556641086470337,-0.02686180585529655
-0.003553777504657775,0.06398671615337663,0.02563655858215497,0.012251543600286822,-0.03114050575677538,-0.00782116306509124,0.06472108263347763
-0.025976622175658125,-0.01439920257471386,0.03360065832355758,0.11976290681195678,-0.036682356711244216,-0.015320803028080263,0.05158738286001608
-0.03914593024541319,-0.04216918933132547,-0.008796840818686178,-0.2953127202736505,-0.04911975734663429,-0.016920774912287016,-0.033188887406140566
-0.01251794604508177,0.04103307474259054,0.03260260056202242,0.032535457544800014,-0.0340374653890467,-0.007425169614434708,0.030923868902609685
0.10351975147690608,0.036742745168157856,0.022194692137927637,-0.00697634769989236,-0.0055391023439005935,-0.008707367722890921,0.018902937490493057
0.03061471243054257,0.01336854194130865,0.02772166558424942,0.11335138539969195,-0.007988978797620802,-0.00949811272585066,-0.025711151552386582
-0.009205884083930868,-0.03688431298578507,0.023352116991445654,-0.2010891504958272,-0.0331690794708993,-0.008815620069290162,0.02213355034356937
-0.03968819762110798,0.05289711213266855,-0.12208635379469343,-0.02884508948274743,0.1162803047383204,-0.008230488927583792,-0.03564932409441099
0.011955364607347295,0.0394936340134882,0.028360309615964068,0.006035182118430383,0.0674384178940818,-0.008870239011303056,0.002001067424425855
-0.007973017807107685,-0.06765111581611565,0.034394714325899266,-0.1170881194904723,-0.02152940918422246,-0.009373666119063272,0.025932784204487688
-0.025369570954644583,0.009719051050215055,0.04945972834786516,0.05437359988773097,-0.020700401480316943,-0.009324198193789926,0.011345971854170784
0.14656138271806413,-0.005010117934143637,-0.12663432818531872,-0.05836037719913292,-0.02793644245015457,-0.009484877453360241,0.02768011614913121
0.002840561140656061,0.046906422714346266,0.020812102506752125,0.034455329386328226,0.07903255479082873,-0.00966227493081533,0.045963513952447105
0.10252007719825997,0.052432647651585285,0.015978432983974927,-0.014216777769615873,-0.01199831928599451,-0.03864948034781264,0.07754986793966964
0.045331923096855464,0.011976804018358959,0.01179626801997074,0.06805023519671521,-0.021600865088112188,-0.007425169614434708,0.014633319543791004
-0.2767844091950428,-0.14140236144910887,-0.009202631956068215,-0.14090890761963235,0.001499085788163941,0.03686841327085858,0.02893277025781572
0.017788801655115094,-0.10111610510444737,0.02309989288158249,-0.07485675961383094,0.08013001585193706,-0.009440912942227441,0.019030164256691934
-0.02558205863897456,0.03722526423698582,0.02595931149306125,-0.12568009073833308,0.04401560468832031,-0.009775821711227763,0.021474907586816697
0.051551391267294085,0.014197107178115403,-0.08307222332838136,0.09729532324818138,0.049035340935333786,-0.007728664844544255,-0.0061792738817166536
0.02462900682105101,0.04464210187266872,0.004628503917483613,-0.09000039679885957,0.0060819052097213005,-0.009375403063168052,-0.03636756275547668
0.02589417395101918,0.02762050546434693,0.0300852747191675,0.04560027015591913,0.029004154924841718,-0.008835443020798266,-0.0014406137377955019
-0.05537733243045295,-0.00969956601955346,0.04112062708023586,-0.16426749507569186,-0.040069307987796496,-0.011857607829442713,0.017064858454396016
-0.016631706159678288,0.11779217044386316,0.031200893056193307,0.0007352475747757096,-0.04496551941127109,-0.009042642085696571,0.054524496627855114
0.003397998129221369,0.028265430259343707,-0.1054139051657694,0.12663752598855352,0.002709513299851095,-0.01839908606671088,0.014868660614592955
-0.0042379285265633365,-0.10179512044251167,0.030732434696947163,0.0768191934643255,0.03462405745169235,-0.008985469319450204,0.03407241172564682
0.06298557141286437,-0.02173068184409203,-0.031511134607426355,0.004544649112649495,-0.029013892370567194,-0.017938458895368967,-0.003814973113476299
-0.06016580073017394,0.026362737647577884,-0.11099047252617313,-0.0914053304585468,-0.08017978330492043,0.027777149585235746,0.005898316218517721
0.009577000869649056,0.015590977167757956,0.03321866198384668,-0.039917701490776385,-0.03337441505012975,-0.009780392613465664,0.013660609289072454
0.14377092818518578,0.033152921299333685,0.021031724698405016,-0.0679945987292558,-0.0129335094695125,-0.029016336554632288,0.0766896643754444
-0.17815458786310046,0.030788171181484355,0.034288069912727225,0.18712513933809533,-0.04315571077790082,-0.017981191943690647,-0.05799461664049886
-0.029052393216406926,0.013688652681012171,0.034192712544754617,-0.026343457060866046,-0.037042138583492486,0.05809656150406226,0.05377829931676388
-0.04776539071332081,0.09050963255642272,0.029668345857207894,-0.01177799422122917,-0.03250621162740572,-0.016264311420673038,0.0034412865561898797
-0.05648734853093629,0.02490156789863249,0.027260200100863587,-0.011483975965747965,-0.03648227076329931,-0.007143500650709029,0.0043426839518360795
-0.2626227528755771,0.02722713318318711,-0.20015441943090992,0.14949805290831136,-0.09951241032125836,-0.009715893163665897,0.0421929407294374
-0.024724445081956217,-0.05803805134768481,0.011210019974678291,0.08032256731636153,0.053420519062710815,-0.03501259594966541,0.02962940517696552
-0.03609776025343309,-0.006362231970124413,-0.19448889456496546,-0.04464895964018069,-0.05730762081198916,-0.006412171812480665,-0.06846681753173471
-0.004282508196683924,-0.06338304197197431,-0.0595541456502906,0.15863368940357758,0.09967633829346596,0.06321586473144634,-0.03440859190246556
-0.009448427537918178,0.019930066814849854,0.02494167501543416,0.08235323841538046,-0.025018974326303574,-0.016394969572284025,-0.007590252527734265
-0.0056632470508702635,0.009076053920653068,0.06543214007680945,0.07065492754045408,-0.012243294356812841,-0.007611008180247154,0.06025797466048971
0.06369751199112215,-0.045365717964014035,0.028463899570706414,-0.10395809452624236,7.594031427288466e-05,-0.015008099207625492,0.012724827480269596
-0.0366482619577073,0.033162426230119314,-0.06522679732588586,-0.030623815739309064,-0.01680525401803606,-0.016429765562788815,-0.06300569279468618
-0.07444911394328302,-0.1433995087602307,-0.15677655313291325,-0.023055286384333164,-0.06407111167274708,-0.013212990426836768,0.05236068112775683
-0.01844815478470992,0.032027186227333006,-0.09868518087871052,-0.07791485723035294,0.15585430831364647,-0.013335700098832604,-0.00653456699452363
-0.030673332589176424,-0.007543699899906644,-0.2449027992934498,-0.03596897557086777,-0.07051405464277194,-0.007284016639896435,-0.06207433528150432
-0.016906919335597195,0.0032598298187804147,0.04558785079731024,0.07075494335964322,-0.03259115993125306,-0.015004625319415937,0.045674769401084635
0.08525036667158929,0.025104729027079883,0.015942156390083253,0.08892482714425569,0.007734562653713511,-0.013762695807672571,-0.07250487699173391
0.024740720313784548,0.034118076574377466,-0.16479134122600955,-0.06299485262548843,0.08016472790499392,-0.013273664098669542,-0.06767716004920658
0.0018862531015474801,0.01005261679616524,-0.19646052864376545,-0.19374303791119016,-0.06820157777357963,-0.01388406186037173,-0.07384782364591956
-0.03878130468365271,-0.007411547521915055,-0.1434517566107388,-0.2106366342108231,-0.02469433616548486,-0.01688612174941227,-0.07811283369315788
-0.06255359581924495,-0.0017126983716298132,-0.055463215524505366,-0.02844799244165188,-0.03859231038652069,-0.013771113581969984,0.029723001291276887
-0.18318976781454693,0.09762384435976856,-0.021695608569025356,-0.015187390545615924,-0.04583258249847859,-0.006592081268099719,-0.0588427971303463
-0.07317894548690672,-0.022098276197430104,-0.11568919889934474,-0.04606866910445207,0.017075782724787134,-0.015158730574403307,-0.019299340578727425
-0.012967833589500516,-0.14171581325168514,0.0330455591284408,0.10644916769863813,-0.07487927538939401,-0.007030024728010176,-0.04352112239226699
-0.03493132825715293,0.011933169532003376,-0.17443096760496699,-0.13093285719420236,-0.06100417605164692,-0.00888412404434348,-0.029238225566805342
-0.21914522744842546,0.011014606721291785,-0.14579232835763833,0.11158906812677742,-0.03875900310096767,-0.00875014335011656,-0.06457457832235378
-0.042620788912390704,-0.0536506870597077,-0.010238343142846131,-0.07373650128400187,-0.06419401518905943,-0.018114558281667997,-0.033975817843456754
0.11137685337482252,0.007152597938693359,-0.09646240565023616,-0.02482536675855954,-0.0022374574446439514,-0.006858533056001761,0.027176530326833016
0.030205863604096533,0.007524982090544655,-0.15258931536151066,-0.02510316733365471,0.09600515114747396,-0.00924634690687526,-0.017201125322608278
-0.020363246079687085,0.033355187285924334,0.032371316417556965,-0.17976171542093652,-0.022574089789050053,-0.008938281347509474,-0.013813117500394583
0.01115613241796382,0.024842036344853116,0.013873301284729677,0.09056159865460356,-0.01950375511580205,-0.008631641548199696,0.025673863961710595
0.08682225567201385,-0.032268831201145085,0.017349821852112653,0.008739823002688355,-0.02441207224273966,-0.03493246321995684,0.05331654380774126
0.03414450064630729,0.00844755806712783,0.0343085774150677,0.07715788112043813,-0.015268636401160622,-0.029951623058877885,-0.08029708593210672
0.12850047177475066,-0.0032524719305001798,0.027631236861416254,0.07162260027616868,-0.03727171928680036,0.03446621352544753,0.047416060015093534
-0.04732868662598776,0.06537522769336647,-0.07022150360804516,0.02188128651752777,-0.05651212177079287,0.07613858672179048,0.04855170715367421
-0.06041882010784321,0.012725229675706943,0.023673626022064128,-0.057778051683781084,-0.04049113445020338,-0.016914487416215707,0.03166544440493453
0.059415246359603775,0.020336747509936685,0.011663628749338384,0.10288649081805487,-0.012952822785300671,-0.007497305886645335,0.007627602940774522
0.07687807376591081,0.01590114115759206,0.025832179625540446,0.08051384301637883,0.053719066969424606,-0.009436461800942198,0.025009826822206378
-0.13695769926765933,-0.2225172970935455,0.01542647795220546,0.011939317142969237,-0.12093663262465268,-0.008826102430466562,0.01254331632051617
-0.062182350353759824,0.05151990207908967,-0.19328521932999135,0.06450871939363423,-0.06276441184134456,-0.008586537831943132,0.025952110250946136
-0.003105594562766781,-0.029023548649129226,0.02721256811521016,0.10060097505260272,-0.031081387912927312,-0.00858534385171879,-0.05456616757088341
-0.008830358207196697,-0.05813837615023657,0.038945795124745934,-0.13117997822548205,-0.012887391144104185,-0.020522333437693305,0.014881826431956142
-0.001005523760177315,-0.09143037141500826,0.0238167799465009,0.06110024384674035,-0.02302273949484516,-0.006553540006352705,-0.005505084366886876
0.10016904622258152,-0.02860918167025375,0.024860917126425196,-0.04290894768975704,0.05194802385480216,-0.035404770278692016,0.040124136595986785
0.009598696101602395,0.0436723552022886,0.02326431935827714,0.1156386419897899,-0.02518077309192449,-0.025950152709847317,-0.003790156674804166
0.06326232835301197,-0.011672578884536057,-0.14047026769301738,-0.04506594411432162,-0.022654344795737417,0.04427689214549901,0.04344248700479511
0.050019606540881785,0.036049324898122,0.01824544830742525,-0.07177528707077725,0.15411498412751826,0.06330971639747077,0.053098038344178346
-0.2377457391146163,-0.01698613855434815,-0.2200789723093476,-0.0006243302574875957,-0.036754161597564235,-0.016887607263197425,-0.004954414808889851
-0.05087145014924318,1.8180054685214275e-05,0.011962004699016688,0.10765038926190756,-0.013242920005395715,-0.012866691542149056,0.08896602508291834
-0.0004430150767439044,0.04459138170721417,0.022376606576144698,0.11941416501904314,0.07570192021088587,-0.018028571354807354,0.0041519457707181575
0.07602209477350698,0.01815484428538184,0.01754006361010397,-0.050202966899814766,0.026860493473595853,0.07194896526925731,0.02997684130445123
-0.08954700149133714,0.02309245385469694,0.0669357923323696,0.08117566809123672,0.014393450694842613,-0.0043825306510552765,0.023050260636373422
-0.10010931044307654,0.14190219431795412,0.050005737079045515,-0.09177203322862623,0.19706813389260786,-0.02935487319031381,-0.07646333468379453
-0.04514204664472345,0.003593241125345229,-0.10784421131480484,0.03149001379841138,-0.030839624754517,-0.009891252058005194,-0.05958897650882136
-0.05237052952201339,-0.10295603593611304,0.03254170194210019,0.05920517902268329,-0.007036154262168566,0.15297323116661574,0.07709856701432727
-0.0024545291925096545,0.01434726430903538,-0.09348632758683377,0.11953109204478095,0.08620066506635339,-0.013592941079768934,-0.07544321694236715
-0.0730453447592663,-0.014621990788946281,-0.1595774471972254,0.0482179302462464,-0.08084299971927977,0.06855028792648227,-0.005344743329333141
-0.22035402201476245,0.035577938982987695,0.03691823475804995,0.1612191217365762,-0.035015688560451966,-0.011815976513607893,0.018307005005772224
-0.07538474488588691,0.051320952654714334,0.02725225935137132,-0.04028389817765855,0.1509146871707344,-0.008987737850984558,0.028126995062921198
-0.012844000006152784,0.03059106671989866,0.016929533382608497,-0.043343265582952865,0.13981171735384126,0.04459004033151359,0.02736632179876324
0.018068649305623696,-0.09889114482946752,-0.01509761466644704,-0.08694306881170633,-0.04503255199073464,-0.008223808097391157,-0.031666836124495605
-0.03138356857882172,-0.01125900892104255,-0.1195605604114826,0.11445862946762644,-0.0499036306852213,-0.00858639500431309,-0.0705263984069461
0.0031084521344746444,0.020277256009576382,-0.13675732537576551,-0.19007770827214696,0.03162190659058979,-0.018189156130247283,-0.06477490130870138
0.10942718338732448,0.021489050317250083,0.035619348478721814,-0.03067769684959785,0.017569102316992942,-0.016753890992258675,0.019796869721612893
0.0797691329983718,-0.02960921357793268,-0.111127873891528,0.013148560482077302,-0.10523665056205572,-0.007699530066165607,0.02628904013952706
0.12674366012790414,0.013563409945272723,0.032228638953238256,-0.14542705307592768,-0.012815561904208152,-0.009055507239609142,-0.0018684566050069407
-0.0387323225324144,0.0337357382888149,0.007249466095490788,-0.3819025738441269,-0.002413376378244718,-0.027681467545917257,0.04036263396556024
-0.025166954363521656,0.013849057772458763,0.04879428485422977,0.13221623380108213,0.007100716385975829,-0.008522514390497235,0.021578162440564482
0.03008912088014768,-0.017805629202302956,0.004966458302478711,-0.04635200286371401,-0.05154476081108441,0.033118533786037005,0.002922483718721196
0.032650909494441285,0.01668893029098399,0.010753456208512945,0.1410880905792328,-0.05471205629284668,-0.01135244377757772,-0.029836028987774627
-0.0013999995101767126,0.012191021922553771,0.005545225774367282,0.0907209297717782,-0.024946482603627373,-0.01808026485668961,0.025748556989710777
-0.08134679519251221,0.0291659833455924,0.05830547430072329,0.046301141158546666,0.02354806431372708,-0.007864371278701583,0.006023695705225691
-0.023064300784608343,0.011656329323104729,0.022000800981768404,0.01324075258064113,0.0985405947791878,-0.02791987479227828,0.052182377172866834
0.0008811510553641716,0.0009233827208663637,0.0482044031957048,0.07999095171719092,0.04420971931631357,-0.018545454461709597,0.030258989534340797
-0.02089102337515214,0.01905245826754253,-0.06441543319284393,-0.05674397840441087,-0.059827225062108476,0.07216989399472368,0.03265574101300445
0.05956870537076611,0.016988635116358636,0.02687113006395521,-0.021200430206990858,-0.028154176451980668,-0.007218760825617209,0.01940983363019768
0.028023154642833108,0.04194691943033831,0.025960763546718228,-0.015451333926976075,-0.021030447048797214,-0.02971668970072642,-0.09427284171571955
0.20642517891357784,0.032121354954597336,0.026339452654210616,0.06390769187932165,0.02095745859831368,-0.009498255553480703,0.021109085194766522
-0.13195021097408244,-0.02943154047054122,-0.05592299028401612,-0.039525437358679485,-0.04872580326526076,0.03454664901284559,0.046498808845644814
-0.2518744141221759,-0.1019286551735786,-0.11787540459132287,-0.11033041117669198,-0.023576783010721556,-0.014984290097618213,0.014159647044725715
0.17930959876488484,0.05180199421556608,-0.06683924736193149,0.0850969716187683,-0.015774634040935778,-0.007968367890352965,-0.012937049455940723
-0.02016375193197746,-0.010923127459172977,0.014074860266846371,0.08456958942304481,-0.03179061567258031,-0.03481657826938317,0.032455506889382375
0.05539127173906308,-0.03325620935720508,0.025236908928636698,-0.017401042189085274,-0.015144453446482657,-0.030222076990467032,0.058672833726741376
0.10148328279457927,0.01955373869281174,-0.07445627889028399,0.007654468751134119,0.17669667017125906,0.03643990886484971,0.053451951777096836
-0.12015246484752423,-0.003810982561772107,-0.17720369365808436,0.014462141437179525,-0.07127907905654866,0.063848717866058,0.011576728823129087
-0.04268375019344603,-0.055052389643860805,0.011580247352831068,0.0699180108145083,-0.047221787953385504,-0.007069263537705411,-0.01798012231301982
-0.009703085271721649,0.06050601939954504,0.004454078129929258,-0.04330598180909874,0.06961018139651061,-0.009674869047303218,0.023788687312044202
-0.030183691072343213,0.040457637118597636,0.04097432492577354,0.1360326557879671,-0.02150389593603904,-0.009641792104230263,0.014592679842025972
0.028981646531756267,-0.015591281594242896,0.031276909966836686,-0.10955516765141513,-0.05335015962213222,-0.010717388546036091,0.017878607587190346
0.14613399554029455,0.010470982185943284,-0.04005977736334898,0.059289364903233936,-0.02932530457779648,-0.008708571767765533,0.01581386749923695
-0.009694255975446141,-0.01799161030245159,0.03300118018203648,0.07462891440389285,-0.018136702959163812,-0.035471630363990696,-0.04164219204802066
0.029863857198906774,0.017768096037489158,0.04029079974221532,-0.0212325586660154,-0.015639542102217092,-0.029933488657698036,0.0468248886812944
0.07829442679758357,0.05591703829006292,0.010303969488559231,0.05202682954317425,0.030770878175917463,0.03405769324175708,-0.012056393101811409
-0.020045273304676814,-0.0027551833220422857,-0.12869201604651606,-0.07000290077885438,0.15921760083607295,0.14983457406706294,0.04725870082853362
0.015250838460342494,0.05366435748863296,0.011735076753502651,0.0603379207474063,0.05557399476176216,-0.03546544395052478,0.03002001273795031
0.04453350074853006,-0.0024116957797377827,0.020171776833667537,0.10798823190081748,-0.04640024928201456,0.11823626034631161,0.009969241458456964
-0.0315728287355887,0.03766383965637942,0.021793298084194248,-0.2366594033833826,-0.02415939702623291,0.03618808927654754,0.05979517500672955
-0.2188466239313675,-0.09084970054693256,-0.2022316244035028,0.04803958336146025,0.04339629140982651,0.07731926611064409,-0.001295462871203199
0.06295433644787407,-0.0032967636913417663,-0.06868709321483038,-0.135608072803625,-0.030912501077982595,-0.00719610295840539,0.007713517136871815
-0.02221520746810711,-0.01651810181574546,-0.02411232739686966,0.07898935980443639,-0.07214209954432589,-0.009057561900408472,0.05023440952005331
-0.065850277762911,0.10353070656892667,-0.15299578039193873,0.06615844002946687,-0.017447940678212037,-0.018275332858320326,0.004935997677966953
0.07157864352484468,0.017696550644432138,-0.009620048491560736,-0.15686355965182885,0.14470902939496227,-0.007706477842584718,0.05975177671585698
0.06370671072741971,0.0031606535134051238,0.006504005163733381,-0.07648284457740373,0.09247633847926408,-0.01544907542913279,0.05158738286001608
0.054754718914628034,0.016346309624859712,0.03005878469404706,-0.09064955996600477,0.04709165605105227,-0.016963550539512654,-0.03295537430734839
0.010864239543825531,0.03393474133423297,0.034233342792722395,0.08963606028835784,-0.015330538428970615,-0.006843670769885648,0.032661997114191765
-0.11017885909765028,-0.02167798140952074,0.030841580581472957,-0.17547657638879172,-0.026147691397418384,-0.00881857905718789,0.02879829666984733
0.14127159652794946,0.061785969924749225,-0.11059723079844844,-0.010536502851027764,-0.030729056979544114,-0.009445242326182778,-0.015436048833653331
-0.0014941681002892393,-0.008692333601647987,0.028348756924388,-0.03269798046952928,-0.03503292544766737,-0.008612730231961905,0.00773412796552293
-0.04096995663854613,-0.004058782622487343,0.026014354419312442,0.010818319578556843,-0.06393420291155053,-0.007987881146818835,-0.02821718587714713
0.0063555498266396155,0.020394104855586192,0.05100053708432824,0.1666826748923813,-0.01108859165593458,-0.03835531980141241,-0.036744232685305175
-0.054067709488444964,-0.024159997101269245,-0.11134208084316924,0.06872783782418991,-0.04009560539408995,-0.013359686634503305,0.06829889708489645
-0.025934821619666763,0.010188552134095516,-0.0444959462544648,-0.0426597507360566,-0.059261993963154964,0.0350891106724157,-0.003270683188457042
0.07688630525764892,-0.0009138829798757816,0.016790665335865925,0.07467562442034252,0.007498634387538914,0.03721694671025034,0.048989031673409046
0.020431455011566863,0.0377736977722816,0.06011062517325628,-0.09676354636198084,-0.017905999079739554,-0.017590489876456557,0.01833015787531622
0.010710973994864618,0.06694191002505248,0.02807910993957194,0.01216447887258255,0.13206736278789322,-0.006912258951415424,0.026947826147079468
-0.07757130613910704,-0.12369124546166857,-0.07464624809930683,-0.047846674400570915,-0.030803980546988893,-0.008824163480603602,-0.01824369182693772
0.048734794785923435,0.036837065543950304,0.05336368095242505,0.05667411016842379,0.0053018005370540815,-0.020542662810767068,0.009237651167204604
0.07340330385122798,0.00278624512415263,0.0165818415756803,-0.1594648805637553,0.03817093489191393,-0.007742429788486334,0.05254081085906364
-0.023394550983375662,-0.06196301023170235,0.02430382110804203,-0.2401241223997932,-0.04789292398185352,-0.0353492160991118,0.008259876448428259
-0.008112031517484866,-0.02565179727382201,0.02657302192965289,0.06822904798196759,0.012930488930287531,-0.013343570337456185,-0.11138237088918686
-0.019814997561479683,0.012185029012398443,-0.03841712843335699,-0.017578312890982484,0.10060897764627952,0.07609337612339004,0.011425312313949689
-0.04606793202940025,0.031991558978843385,-0.14989732925780114,-0.029635011608625063,-0.0720386737129593,0.0266949348768685,0.0064357335632666945
0.0651380053225148,-0.0005139979197701897,0.020784528917574787,0.07355263857141836,-0.02950430215245433,-0.009297951079788617,-0.021116079406347125
-0.007713411393415297,0.04449056305100385,0.03611983385450003,-0.13807359648071724,-0.02138359106371353,-0.028410216069751186,0.008417011027922854
0.13201231147344514,0.018669529848702952,-0.08173895690648351,-0.006686262046277989,0.01332537620131916,-0.009318203279544832,-0.07916300440905616
-0.03614585971263296,0.0103066730431965,0.055817858684895326,0.111140812629601,-0.028643518052267607,0.06520301689488406,0.038067242162069304
-0.0017783209551089363,-0.01668179333782973,0.03037340921961004,0.040091744458932224,-0.011637418362370228,-0.016367729562625756,-0.007038537657936103
0.09681395298219286,-0.029756624732945058,0.01809558794135228,-0.061225879453195374,0.050330630771659335,-0.006905469629346044,0.022694131727330386
-0.02762283845084312,-0.14251504493673567,0.017033942540292626,-0.12638731884151638,-0.08462650970737742,-0.03873218318767613,0.0597289119643392
-0.018053858315251997,0.030584656158898726,-0.04020707361050881,0.011331281967432006,-0.02186161697049101,-0.007228553800377995,0.030358813999337143
-0.4071941142730066,0.006891611901082801,0.043888184796451235,-0.13364966865428868,-0.02847503368553589,0.03310184880858287,0.055486927445163016
-0.01658205101815838,-0.04535329183760042,-0.127350122625503,-0.07149414538136625,0.0052269670241366865,-0.015008099207625492,-0.018921598518500105
-0.0071110668788423904,0.050108731820437236,0.05011290942449705,0.05980414705765725,-0.021936018685082676,-0.016365992618520977,-0.04096284920582548
0.0648198756601778,-0.0021255225178356367,0.02652626238006633,0.06140602860523359,-0.0035531835132132975,-0.00646095382180647,0.028727967203594745
0.10678748005098897,0.006826301559849526,0.022875386798659747,0.13977386311933515,-0.0075785366184936715,-0.018554904142365557,-0.03261857358040288
-0.007503980018627772,-0.06151275484176949,0.014784096939183653,-0.2475554722094239,-0.00835931358495145,-0.007907339793164284,0.0547271197673399
-0.009760139495192558,0.004530665681631945,-0.08507015308132396,0.06156713632473839,0.01214339381047466,-0.015320945855710305,0.05888330230256542
-0.05884625121005229,-0.030066655091359286,0.03737658912301413,-0.16648663909269087,-0.01845836765474814,-0.013885798804476508,-0.06991845129057765
-0.0013252012247176035,0.04487219326549166,0.041845879446627814,0.08472111687660801,0.07212557019207452,-0.016310529779002537,-0.03666976532374974
-0.005272363169242452,-0.08918450211654998,0.02834640014611068,-0.2674859284355625,-0.017162776600962392,-0.005827624985904549,0.012697293897508644
0.0912882139363319,0.004024610147025669,0.03525454693270148,-0.05896440838791023,-0.005904296904263903,-0.008899215965066105,-0.019413660642458128
-0.01861316747905221,-0.05087306581301163,0.026623671872876,-0.16973123115058114,-0.0158872373590566,-0.009102575538636302,0.021039553689188323
0.08403810019137381,0.02661543863083353,0.037643594343317086,0.018276932680091704,0.00019193863619875644,-0.008177865501929773,-0.05829242628416978
-0.03714070698813884,-0.03336195431853412,-0.07385004564377595,-0.18062336553208294,-0.056768876804635514,-0.015361841711201123,-0.03618825592973735
0.004971871825127891,-0.1967929742988781,0.011741532418745915,-0.08484705242841299,-0.028490358184280917,-0.0074304609978571535,-0.08669294694671408
0.10544616186860367,0.014681489541835619,0.009649561275291487,-0.1119498600965926,-0.05322312435069762,-0.018339671257999724,0.010051917094970123
0.047383009829118236,0.024094090875878462,0.01234782637358876,0.05541266689990152,-0.004900333894111099,-0.007774591583292931,0.03703649213770405
0.0473382991818653,0.013214674842965905,0.009432835223196887,-0.18778442865688705,-0.040501696449282455,-0.01758598479014836,0.005160288887564093
0.013794982291583435,0.010598759230560972,0.03319766491753398,0.09767253637241084,0.005895199444275932,-0.012203527220390243,0.029330457685282453
0.019826041365777203,0.025239199608622583,0.04601289406302385,-0.02654522212244046,-0.010993305894735385,-0.03470029893040191,-0.04962842034175992
0.23286978382355303,0.10204408956000408,-0.09684308065814548,0.0985436955865589,-0.019907827355491462,0.1246420477697211,0.05109974788036197
-0.04347642717364579,-0.18375641923754302,0.027360187792073703,-0.016989979902646155,-0.06872642015950987,0.03346023631747812,-0.05825780423008837
0.10869185476700297,-0.02659621502352821,0.027131178829877173,-0.02973938790695684,-0.015929639162786773,0.06406792616820894,0.04800333555147517
0.00027471110652186465,0.05218028192604834,0.04980138778897526,0.04328598917978524,-0.009372330260594024,-0.016409100126475097,-0.03973541707498953
0.05604709613318847,0.04322531154633907,0.0313034911925206,0.2030307742593868,0.09509502123288258,-0.0071031179028796035,-0.0026010707003297283
-0.05648734853093629,0.02490156789863249,0.027260200100863587,-0.011483975965747965,-0.03648227076329931,-0.009902200038486625,0.05278968083381187
0.12274822893392412,0.005532086875591629,0.033734611052204856,0.06823528665794584,0.014913343929001713,-0.01664714172904496,0.0030999383924063297
0.006553410070737299,0.04471947281119355,0.03273652990945266,0.17386979116854492,0.028295500504864318,-0.01158235474875255,0.04327858367876616
-0.009694255975446141,-0.01799161030245159,0.03300118018203648,0.07462891440389285,-0.018136702959163812,-0.007986144202714058,-0.022912069649319165
0.09988389789581563,0.05126179704453535,-0.03620329229204799,0.03867571908856916,-0.019844786486646625,0.16571223232951524,-0.08905103142024018
0.049888071482200765,0.008666627236998464,0.01953986629348947,0.025248280983068985,-0.05442751348004093,-0.007664734075660817,0.034902231891755946
-0.09518102619302228,0.02929883197502932,0.0516453354386249,0.12915082209121465,-0.02090849262487609,0.03644968843009337,0.04215480494662188
-0.030546706400491525,-0.042458652229834117,-0.1824869739764836,-0.08993965114423189,-0.028956851491820992,-0.03841454698966117,-0.13577646233839913
-0.0136283933071536,0.04745067564224883,0.03822393191847368,0.13811997720236832,0.00667951467581588,-0.016914487416215707,0.041092723638867026
0.009521241696966172,-0.008921613013844762,0.007249659781773519,0.07561413765921315,-0.06941589431371539,0.027077989753161093,0.027207998617668636
0.0008308406263313334,-0.040405052244495886,0.033923419700295214,0.09738567150774542,-0.02985181715652288,-0.009401653782115318,-0.012377480992581695
0.07486117094769723,0.025910165276218318,0.02010122824434802,0.07804054362190073,-0.01987563262009644,-0.00920985672128154,0.011792244804091752
0.014329457574804113,-0.11222060527536087,0.019785911173239586,0.07112620003354095,0.008035549037449527,-0.008893874131590564,0.014184136366238817
-0.011870975315850955,-0.014916223100699429,0.005050849296239906,0.1821252089664631,0.024464740399125724,-0.02920075095935317,-0.0814339252753416
-0.04514204664472345,0.003593241125345229,-0.10784421131480484,0.03149001379841138,-0.030839624754517,-0.009268920715257992,0.003193629031302407
0.11141241841811278,0.023551432317362918,0.02957237360191357,-0.07567173169612942,0.008042238624329909,0.033383810780360366,0.00571354701241944
0.14940435357857496,0.019563683324304297,-0.12342604244564427,0.07949680234434707,-0.006906158674610196,-0.009338870128558482,0.02575453328725416
-0.046043336239454224,0.012507453778016498,-0.1077071808895198,-0.16235541001042292,-0.0194661937692581,-0.00928514423314482,0.02297459983965382
-0.032504580389613694,-0.05150775073998375,0.025026937600778183,-0.11361034856090554,-0.04185153741324029,-0.0093311573920073,0.03977729496895335
0.003511815111451141,0.08902692587464117,-0.10767019382208673,-0.006137125925415607,0.1334888449824211,-0.018031443950894753,0.020587845414411277
0.12091846750667172,-0.0245909685368315,0.01612961761071346,-0.12061078661965438,-0.04072342209969064,-0.016896835019942956,0.024284064546227457
0.11338328120589722,0.03543213037288297,0.026966041159321327,0.02186805711680789,0.015402386157220463,-0.013187801628373564,0.08088815110444557
-0.013879669092566473,0.07759702356466733,0.02233518018634641,0.049803921368365985,0.07496574538501591,-0.00949811272585066,0.017515497759450226
-0.028689889322122325,-0.04854147245609056,-0.05282156798057258,-0.07199117078263953,0.05289447167620892,0.03370621974900132,0.0365809333731886
0.059415246359603775,0.020336747509936685,0.011663628749338384,0.10288649081805487,-0.012952822785300671,-0.015317329139870708,0.023956087569822558
-0.038038352217736236,-0.21537456186055354,-0.1280823670468453,0.04358508291174075,-0.19132957440288006,-0.006909194837062387,-0.04623899048019666
-0.03032398415823992,0.05694088240110432,0.02040785306628095,-0.0012333619489072615,0.1014575915262685,-0.009674869047303218,-0.032848850784939716
-0.020363246079687085,0.033355187285924334,0.032371316417556965,-0.17976171542093652,-0.022574089789050053,-0.008749990884971338,0.014680481630493887
0.12274822893392412,0.005532086875591629,0.033734611052204856,0.06823528665794584,0.014913343929001713,-0.01812848245841451,0.01878040344279725
-0.002536631643706641,0.02633587968950452,-0.00047865103872027137,0.002370699813182003,-0.06365613976151509,-0.0069090520094323435,0.02645908082195092
0.031382440009165284,-0.08486047779977525,-0.06408655903283943,0.041206450479803605,0.06509585815281754,-0.008831122678820975,0.023812365886988117
0.0059601767147432795,0.0008474254792963616,0.03377853860612959,0.18759875052943245,-0.013130593860623777,-0.01000315270241117,0.052932989573455415
-0.11209619126584584,0.09443192341928806,0.030719130221841626,0.10180109777473263,0.05021301481738191,-0.018093698943412163,0.014245150659698993
0.002694135897181697,0.059463434137433074,0.0210439902676444,0.0926601221178862,0.04529059357326333,-0.011336284914650606,0.009328858665539883
-0.1878802439640458,-0.07407023226080127,-0.14823715547841854,-0.08753030533582204,-0.027334072174780885,-0.007813890302350046,-0.06587457404704765
-0.012844000006152784,0.03059106671989866,0.016929533382608497,-0.043343265582952865,0.13981171735384126,0.07722820690773005,-0.011454256679862738
-0.057545913795802324,-0.014623733102707778,-0.08401955670084135,-0.2271391836753173,-0.05066606219108508,-0.009917756771610584,0.039725248501636085
-0.011222902145436822,-0.08299898804682015,0.04266433627512015,-0.018363869244276427,-0.011472747654333943,-0.006709910627978388,0.01279214039852377
0.0651380053225148,-0.0005139979197701897,0.020784528917574787,0.07355263857141836,-0.02950430215245433,-0.03650818478083238,-0.014324185189325362
-0.004891252068628088,0.03532692635511921,0.01952870085136965,0.05243265927412722,0.02867019621022336,-0.007864371278701583,0.04933053217711859
-0.028689889322122325,-0.04854147245609056,-0.05282156798057258,-0.07199117078263953,0.05289447167620892,0.15224132440380345,0.04563549511600286
-0.00023168445197371132,-0.032372441349471044,0.053913771611696575,0.09269042511356017,-0.016070525294708208,-0.009818817134364508,-0.048492595886345954
-0.007233748672006188,0.05588417031583958,0.054429609119251834,0.11246225493385284,0.19122899245099687,0.07862791875697439,0.013944885228993372
-0.005754179331943304,-0.001978157388221006,0.034146756366099,0.12592451385549794,-0.03876592547625478,-0.011967613111464744,0.023589999050309417
0.008329715880863661,-0.00323115990835504,0.02975183297050535,0.1119677934936226,0.06927130791307719,-0.029984682105277896,-0.09172051877947524
0.0485888117554714,0.06489014249505999,-0.021102201659196,-0.1314104465804121,-0.0233926391037312,0.033276176118306466,-0.010738588417880238
-0.01335697659354992,-2.981289995659681e-05,0.008667658695776482,-0.11071741525644027,-0.05038856640720042,0.03090220734484319,-0.006706282931845635
-0.009920938807026686,0.0030213440753868765,0.040653197952342464,0.17886876337986904,-0.01583701437033597,-0.007978984794390272,0.023668279523262753
-0.06049271812626102,0.05101120050396275,0.054224492957291655,0.06003697962645674,0.2669807532059349,-0.03841251958503562,-0.01022972194943577
0.011973355888567315,0.037746313496609216,0.05185008119002305,0.07962087739804702,0.04711482674480066,-0.011464882003492676,0.07316392987326253
-0.0959197466695332,-0.13478439836260805,0.04396355438435421,0.020445364790357416,-0.054654971343697976,0.0776026838584221,0.02858165336685488
0.08626662360129557,-0.0040168814037315325,0.021112245338845242,0.05841766851823195,-0.013082670879230136,0.03062053858040599,0.02365528304420877
-0.02249731505358795,0.07118283051744584,-0.03722895496437559,-0.035954104051415935,-0.028230354468323636,-0.01840881343348883,0.025456028023618273
0.16753199752769432,0.03225266765795823,-0.0447656363023998,0.18205425645879586,-0.01842002117213269,-0.004824723737838213,0.004743757813703269
0.13382618842719238,-0.04667022197972985,0.02539251728652744,0.0744513602078223,-0.005325081658593262,-0.009377140007272829,-0.02869333688693587
-0.0006645402495996725,0.023006259368139582,-0.07810165053266246,0.10962790610370576,0.06348871809201229,-0.008122012208841624,0.004808389911195263
-0.0514831619387769,-0.014760213017434581,-0.0035832861549715727,-0.24591865124777545,-0.03306118482090824,-0.04062347747996682,-0.06128706839634106
0.15893123261826986,0.0050453162916528505,-0.15608719337953514,-0.1152982681325193,-0.016513655495873542,-0.006187453481179546,0.0006109688789001665
-0.3592455596871513,0.00021101780585013402,-0.1845166912299828,0.023955403002655657,-0.05255370288410631,0.12121105478421669,-0.009869735952815973
-0.009072007057293378,0.01524447253526887,0.05656857459704043,0.09117055591887037,0.06224408698271872,-0.030011922105622944,0.08476102156040724
-0.08061732170150207,0.015847894720354815,-0.0457751372430721,-0.2753271873900667,0.0566453030624325,0.07413542921827684,0.009105528312502428
-0.0959197466695332,-0.13478439836260805,0.04396355438435421,0.020445364790357416,-0.054654971343697976,0.02264239588403143,0.023845163551159204
0.08149114031140925,0.009863997634238331,0.01755491587216966,0.05057449426436506,0.0051661301961939896,-0.017721712038037365,-0.030615385325509125
0.07340330385122798,0.00278624512415263,0.0165818415756803,-0.1594648805637553,0.03817093489191393,-0.02242424324474996,0.061352103985263966
-0.002536631643706641,0.02633587968950452,-0.00047865103872027137,0.002370699813182003,-0.06365613976151509,-0.007613504815381021,0.061018593809567395
0.10716372349783343,0.028783704050511005,0.019707948680297703,0.10219093413790688,0.006441053234957507,0.06349779004609445,0.043429692201898434
-0.01725931508975918,-0.038370886711709316,0.019566554300399733,-0.15091150763422775,-0.019080427067819983,-0.016920774912287016,-0.07013604011386633
0.06667226323204886,0.06317393583114607,0.02289679819328739,0.061370724996813814,-0.008339496796907042,-0.01326315160446029,0.023808178475010208
-0.012967833589500516,-0.14171581325168514,0.0330455591284408,0.10644916769863813,-0.07487927538939401,-0.006967808636090922,-0.019404380072373897
-0.05808370874536194,-0.0219396334150224,0.007474522565316877,0.024594595045709863,-0.02695100342483784,-0.00977656683549867,-0.011500304669025354
0.014885994427968396,0.02788655599288177,0.055736167001850835,0.0011255889271706103,0.06761097442227765,-0.029030140835075144,0.03438210052263457
-0.07948819453342368,0.009968104009585655,0.0721986196691796,0.06052313589476399,-0.004236111388818244,-0.029256356626501657,-0.13082987395348028
0.09988389789581563,0.05126179704453535,-0.03620329229204799,0.03867571908856916,-0.019844786486646625,0.06339161097972465,0.0030254372663330287
0.07183899366005789,0.013987543102048222,0.003439025016341475,-0.04567451029695803,0.230848545595436,0.026903431978134905,-0.0007839063403662295
-0.01939649328793166,0.024709368966723558,0.04292657866491936,0.03591317534574046,-0.015677847129882138,-0.008133263444469775,0.04933870909793768
0.02531708048672954,0.0029570969254746147,0.02153997241592151,0.12421901418376365,0.05718692615280816,-0.018124711292330176,-0.003330251412698999
0.03468365851178532,0.016030395474808758,0.008014612478873459,-0.10496801502842576,0.03680469212427852,-0.008101685658330098,0.06040128340944648
0.12688716452656082,0.0023972379113001785,-0.0998323219892336,-0.06663865565264132,-0.021567380542546744,-0.014716692587680881,0.01868745132058393
-0.0006825294812370027,0.04347732001144322,-0.11142766849443432,0.08067464148100044,-0.027374406206508863,-0.015357525207364234,-0.013533845520578324
0.15081312611173414,0.1002077906238992,0.0019447310711257144,-0.021013238509112853,-0.030770204753862336,-0.007107581072486937,0.05420841862389352
0.04497008441194339,0.060104406920800116,0.013070763182186057,0.11788106104533655,0.05983455443814819,-0.015421108534046652,0.009934299400774761
-0.030546706400491525,-0.042458652229834117,-0.1824869739764836,-0.08993965114423189,-0.028956851491820992,-0.00938466525025433,-0.05197051087336149
0.04802720358118676,0.07688768517233256,0.021250086673717302,0.04926457733192365,0.03826815703589092,-0.015030907823802408,0.0185402807360515
0.004909464530392135,0.045233391992514964,0.02113608575949911,-0.025775134542127483,-0.026308048834398502,-0.01823560297365475,-0.08207783994206692
0.0968478759280697,0.003452402620532668,0.0229136337930322,0.0941506842598028,-0.014268656528656722,-0.03742012142349267,-0.04161496535758488
0.011636625618230029,0.04550511991536041,0.034243942361499635,0.1044845510175219,0.22613228079231704,0.026528726338947307,0.0318742973956978
0.06208955532818436,-0.03831571738483035,0.017162773237214424,0.07292936362668115,0.12179760026061558,0.07737803056028497,-0.029923191778943873
0.011664442511828384,-0.02843608869949094,0.03314915117472992,0.1161353732830321,-0.02496654205569939,-0.006552876938349073,0.0033971745579037815
-0.022103833157889316,0.03113236568118737,0.01824139805947197,-0.1064319234071445,0.023970271373691503,-0.028528160889545687,-0.11041657478024718
0.08514639817629359,0.04368264139367967,0.020738302304489482,-0.09319506134157562,0.07910191344391933,-0.015018515167903389,0.024131782106996978
-0.13842413389545982,0.03273417715594405,-0.08089409118096229,-0.01995318230769044,0.0956929734372534,0.02649559360281273,-0.03576343502791133
0.002530179507630237,0.02630212811956881,0.038732805967883914,0.02934362329455325,-0.025715682464360724,-0.008138296816687216,0.02570901852683164
0.2307387798490163,0.043234555979724976,-0.07458249279181473,0.0048334953984158395,-0.01780233495035645,-0.018536758319387444,-0.05255352856125683
0.019147750586125764,-0.002530171048165359,0.042481978549913035,0.06790299176122062,-0.006463419164938386,-0.016875431902590207,0.029667740904842504
-0.007103260722069529,0.07432719625983736,-0.02136295776042971,-0.004452386389093588,0.06035232294096204,-0.006924505673796375,0.044196683181799014
0.03061471243054257,0.01336854194130865,0.02772166558424942,0.11335138539969195,-0.007988978797620802,-0.03877045306639047,-0.1262985670985654
-0.0442620312008512,0.01565660046295306,0.0715270978328772,-0.0018248251733894011,0.001243000657632365,-0.017149999977264088,0.031221585805760697
-0.05738074423989019,0.017715407225332453,-0.16225286372573464,-0.06809936052355625,0.14085494796951026,0.01936827977282519,0.031115476790000686
-0.07948819453342368,0.009968104009585655,0.0721986196691796,0.06052313589476399,-0.004236111388818244,-0.008377428655294353,0.004531845240853727
0.09854205420195283,0.013621591988267031,0.031124387972231486,-0.06857616625791707,-0.012810310891509288,-0.00972431093796331,-0.019074876792146825
0.0664329946269936,0.06073807386790577,0.01682444569294603,0.03440136995268404,0.019765510778997856,-0.029346349414263385,0.05007633378612809
-0.01874414496720419,0.07783110685573777,0.04666911957247066,0.020781671124641438,-0.0030308462339598908,-0.008084570921273553,0.013253407971933483
0.0858077622993369,-0.05268974993887241,-0.0705996824070462,-0.08873235496896087,-0.05423392476906884,0.03722422435923363,-0.06368098021601326
0.135306916173613,0.06437129295365594,0.014818735041772012,0.053817135022691226,-0.022756671357128656,-0.036903082757489755,0.018346479281317444
0.1111088538592776,0.04264696776539495,0.018747806151513943,0.05200683969582315,-0.004878753815282836,-0.008101685658330098,0.027341409074142575
-0.012844000006152784,0.03059106671989866,0.016929533382608497,-0.043343265582952865,0.13981171735384126,0.034608067058943565,0.05478481233876664
-0.012537256310897651,0.03478960229855147,-0.05396415998384328,0.04883566327363952,0.05718617503320275,-0.020922565146174747,0.0228487241640687
0.14573229713103505,0.0025235064034495737,0.029047497090941763,0.0181447449872212,-0.018279067147668682,-0.00735057176585542,0.06215030664287042
-0.03357255701339454,0.020872026146535067,0.011534049284236968,-0.10889903882401997,-0.008439521064283329,-0.015360952314931637,0.015756660451879723
-0.02415353376520216,0.012331704010357498,0.022668579201854302,-0.1534369126477395,-0.08729047407527105,-0.007660827555519063,-0.016755991005338727
0.05059854461191207,0.0480172813939862,0.0142331886824104,0.032181872461515014,0.009971615105823737,-0.009645638342281018,0.00041728050098754465
0.02127737323662586,0.021646534295578026,-0.03522023625104339,0.07798463509316209,-0.037080111645846035,-0.027477316434160456,0.03333495968254283
0.038937267924884514,0.019468198954418762,0.030946262117140574,-0.07830126585839024,-0.01320272739190841,-0.01187284234278195,-0.018600273506599478
0.06937539358099458,0.004404974881181257,-0.043007382091309415,-0.030119253105367533,0.15372536507053156,0.12123808605159865,0.07823347149969777
0.03292542306928226,0.015776836563018152,0.05045439808600349,0.08173269813823936,-0.0075352104739431535,-0.00932505684409989,-0.01279365241585765
0.0430357645795084,0.1066690250931424,-0.040406733749696284,0.026169394938333423,0.05062008748951485,0.031260862621420527,0.01091808605240658
0.07596434797975234,0.030288330271378068,-0.04527741886442527,-0.04976271995015849,-0.02953511318344681,-0.006896860900451429,-0.004085413196007721
-0.013882050937754686,0.016191289249618417,-0.02161005093861604,-0.05504749434963742,-0.04309563562943367,-0.009655972571054008,0.024694947677780875
-0.013148175755231934,0.015082350237717038,0.03724982230676687,0.13140089548396647,-0.012578196065951487,-0.009803841419779928,0.010427836095332169
-0.13286751869512953,-0.02943183413950465,0.0646456756956104,-0.01861701564688701,-0.02872458659094263,-0.029266952710167972,0.05791486697009532
0.03798618634082231,-0.017271478809379914,0.012235637377671084,0.09807620207306172,-0.028135436691882204,-0.008744542911954341,0.02516617158718873
0.015085499497072306,0.0699163932643205,0.0397179389925077,0.053324993449496115,0.09417779936928128,0.1697122555045462,0.03561805316945538
0.0009146656929442561,0.0047554465328721535,-0.02440062795823905,0.20170036049792545,-0.03201408996792452,0.00185017525422154,0.006445102553698234
-0.08111157365106919,0.014334284455981106,0.04228668961739459,-0.09988469138032087,-0.0002541059859504438,0.03210179532616166,-0.00536801539012231
-0.023330629696283724,0.028850398208014667,0.02624550814354734,-0.07242426431759666,-0.0007154053815611408,0.15098204612571864,0.05395901643787511
-0.04752066481349175,-0.11379713117119535,-0.12973917367617105,-0.004107838034178712,-0.08561285585245057,-0.03761455049796496,0.0522729489649646
-0.19231600511131547,-0.007623304101562098,-0.17445583524997346,0.13691404441866326,0.0025222423435116072,0.02871876343386248,0.03270098328270251
-0.012748483771629252,0.06778160295158159,0.014085403765056981,0.06193074488535785,0.062153693738655424,0.03311478485054977,-0.027701124593731946
-0.002031733751646246,0.016317561171563282,0.042078082695079504,-0.08085750733967871,0.10465145524412947,-0.018155890566995368,0.004133221043739468
-0.2777845457629883,-0.009315686844347507,-0.138560642585835,-0.19523645963286984,-0.03939673588036385,-0.007334419756080024,0.045151293892413374
0.016234762679450794,-0.026861974739877045,0.01809056737634819,0.04818960542717832,0.0931848285689557,-0.015294434983225073,0.009330458104377612
0.1536125489799815,0.0044401604231825344,0.02130015732298489,-0.09952361828545693,-0.008031683763183537,-0.007087258862520684,-0.026554597529466265
-0.004890243370300596,0.04652828583472001,0.056962292201787924,0.16617605664861912,-0.0074021798249305016,-0.04140450894985406,0.06862932265736163
-0.007503980018627772,-0.06151275484176949,0.014784096939183653,-0.2475554722094239,-0.00835931358495145,-0.017950068226055008,0.036456192119512704
-0.06839348561650695,-0.013937289865643836,0.022863889649452174,0.009512955131449414,-0.0512561600812478,0.023983977939060423,-0.0353042423480656
-0.12894257178988486,-0.05162317675774829,-0.07016725295150536,-0.09153797673330702,-0.0407803322424661,0.030926003311160456,0.011557636306388303
-0.01680385941566783,0.05669487688399386,0.025233825098839587,0.05656763360326295,0.08494328549488273,-0.01860106012885808,-0.018186803101561965
0.012907319032965464,-0.02110222320727189,-0.06361417634077952,0.0566451629556832,0.11238150519198824,-0.006686704998573986,0.052816157065681185
-0.03675209900122354,0.08036116991075687,-0.02817738516750978,0.0002081899915719948,-0.048008250546481585,-0.015156797887593712,-0.022668794423225336
0.008329715880863661,-0.00323115990835504,0.02975183297050535,0.1119677934936226,0.06927130791307719,-0.008887624986236915,-0.04632817559409887
-0.01909871110066888,0.14324571605036907,-0.04585129624203546,0.060574221754723115,0.15931309040608538,-0.017977718055481092,0.028259777809726074
-0.014280654354879515,-0.0197449373087511,0.02052954474427679,-0.1207932819179041,-0.04826109397348774,0.028187703903604415,0.0363363438466331
-0.024302553797861042,0.1096623393693153,-0.029657387429288064,-0.038951784073797166,-0.03817862622148823,-0.018508509208622854,-0.0060351571580395105
0.006973748055825131,0.06562805447330902,0.031898095045471565,0.03794228188728994,0.05017564557841978,-0.007160666196705278,0.04365572199516464
0.08149114031140925,0.009863997634238331,0.01755491587216966,0.05057449426436506,0.0051661301961939896,-0.03719763561981381,-0.09330144587147515
0.010606068583001612,-0.06603423766451669,0.024091206214434356,0.08072119881304388,0.04620163088820845,-0.019597862014270506,0.06372110386320856
-0.03916379683618288,-0.017600504852816813,0.023573041226190982,-0.04838432964903405,0.1155598762485897,0.01740552834029586,-0.06379957749624737
0.10148328279457927,0.01955373869281174,-0.07445627889028399,0.007654468751134119,0.17669667017125906,0.06293462333618663,0.002312370641157031
-0.02324795031643589,-0.00175002155250695,0.024655150202670485,-0.01949348075846501,-0.013660672531623279,-0.007983607069472782,-0.056858588475733995
-0.013882050937754686,0.016191289249618417,-0.02161005093861604,-0.05504749434963742,-0.04309563562943367,-0.03619591936963843,0.04389933040831238
-0.04592986048617603,-0.18592935564676732,0.006509743633141626,-0.20771860071276027,-0.025269404857899646,-0.006801151187173673,-0.06387921467219712
0.1104110706382926,0.009281416572666784,0.025523728925290926,0.11605944397000713,-0.020716493610962058,0.08820073310416773,-0.07408816487935838
-0.01578090196439006,0.06768386816836937,-0.049044461777375536,0.07160566717560868,-0.047445070640023915,-0.018620540709016496,0.07689159410510911
-0.009200336556150428,-0.015721885382008624,0.036603315815882526,-0.014872227629748531,-0.008433216600460583,-0.007610018898849376,-0.03250558301922865
0.12850047177475066,-0.0032524719305001798,0.027631236861416254,0.07162260027616868,-0.03727171928680036,0.03197833264610381,0.0056441526208072905
0.14913840417695612,0.0025787986673822165,-0.05320647791522788,-0.018942260323456143,0.04609422886453103,-0.009817087405626807,0.003251084537478164
0.022558828497494687,-0.14383411883813094,0.020738948661273755,-0.04743246054975317,-0.029148091409515475,-0.02919380318293406,0.07531433612573891
-0.01144427338969763,-0.032618727883455004,0.028709972587239462,0.04991950315699796,-0.0004739892562793113,-0.009180298980190855,-0.022646222125622444
0.09963266842485607,-0.019596489835967082,-0.061715410983888434,0.11645768355234395,0.07621833455428713,0.1173155271820724,-0.01345041440334171
0.07631974182058912,-0.054340735602272615,0.022945792695099956,-0.11273180985263025,-0.03132940312127175,-0.008866765123093501,0.006389244893798604
-0.04606793202940025,0.031991558978843385,-0.14989732925780114,-0.029635011608625063,-0.0720386737129593,0.03676676376599062,0.03088819456577767
-0.07628351403109264,-0.006342604444434984,-0.06285593888926087,-0.09779677790560527,-0.03664145759707025,-0.009324198193789926,0.010210324715590104
0.06839811706398903,0.04097584692237433,-0.0985988408011326,0.022036887621579813,0.044504439358752285,-0.009370192230853717,0.052513491094578056
0.02171240164390838,0.018232042393556185,0.02014802095902269,0.1049399364364217,-0.023668918337207287,-0.018335725193101098,0.041949369477806614
-0.0442620312008512,0.01565660046295306,0.0715270978328772,-0.0018248251733894011,0.001243000657632365,-0.021942858700931538,0.08103145985223818
0.010606068583001612,-0.06603423766451669,0.024091206214434356,0.08072119881304388,0.04620163088820845,-0.0076492780589614996,0.027448530160472728
-0.016000066258056903,-0.01833802893117536,0.04443596366258135,0.016324500813934717,-0.058844014500500634,0.036948551262903494,0.01798768119653687
0.014885994427968396,0.02788655599288177,0.055736167001850835,0.0011255889271706103,0.06761097442227765,-0.008635305662464817,0.018946817718679086
0.04123441261763218,0.01316714987182422,0.012203185261460022,0.05074230530692148,0.01045239157256219,-0.008081097033063998,0.030207499034004284
-0.03478441330056739,-0.008670754604681863,0.019183593740453943,0.09985550600446004,-0.06082319553512206,-0.008692662452522199,-0.04215219326550141
0.08822351930624793,0.02826497821763042,-0.07220032663444725,0.0710965974019564,-0.011842831118265165,-0.008782963041157927,0.015877295761602
0.12207324899063678,0.008171140325575834,0.025231458546622888,-0.12195325918293745,-0.01826216391076741,-0.009257290867099073,0.05330452170979697
0.002702741750072162,0.0422373810420686,0.0606820787813922,0.14209485451086945,-0.004888218521191447,-0.017666249198518925,0.023842533003771677
-0.065850277762911,0.10353070656892667,-0.15299578039193873,0.06615844002946687,-0.017447940678212037,-0.021882185029098764,0.06053403173573315
0.08024046612845268,-0.03909003380431386,-0.1455578174749098,-0.2330056443986177,-0.02152294468651235,-0.007164780856110156,0.028962554772733712
0.011636625618230029,0.04550511991536041,0.034243942361499635,0.1044845510175219,0.22613228079231704,0.07738294139213395,0.0034434759360738097
0.06370671072741971,0.0031606535134051238,0.006504005163733381,-0.07648284457740373,0.09247633847926408,-0.00754795982822543,0.06039693364698905
0.08498993262677687,0.019762176005751825,0.024095532367537087,-0.07748195878713886,-0.00027038692882342535,-0.015059011485864176,0.021580271114362403
0.09466840991835852,0.010422838092144957,0.02763061803023447,-0.11031863139538474,-0.03082481207879028,-0.007035111441728077,-0.07402797385118902
-0.017793604723228783,0.03800156507219071,0.032147263265942465,0.0015593568547774325,0.11432315681449835,-0.017127105375693646,-0.051506350896088404
-0.05648734853093629,0.02490156789863249,0.027260200100863587,-0.011483975965747965,-0.03648227076329931,-0.013113061652184115,0.0011126761307241396
0.05587838739118524,0.02460847972353804,0.011427503369923216,0.0030172806362679717,0.026582550071179864,-0.00696440635707404,-0.059435107872122896
0.03219750211428618,0.0578407213727769,0.031225120878225418,0.10262342619098487,0.00939780737993715,-0.03597064275425509,0.0774468626320595
-0.0453746158089416,0.07885418463949465,0.04100945768368547,-0.030774217706275524,-0.01452072113439499,-0.007665973558905534,-0.043229243711102754
0.0963976071889556,0.05848396719131415,0.02185440738037869,0.045859628517064266,0.1303434952058524,0.03374221072444925,0.05516018877387978
-0.031424034417814266,-0.03041877926167217,0.0516767308836279,-0.10525820050570474,-0.03096884416336252,-0.01465887396108883,-0.019558244334184564
-0.07513108385155648,-0.07200510465081608,0.03038455083937152,-0.21745129297181848,0.00807221853210649,-0.016809425245592136,-0.039161053062416615
-0.007819346355536255,0.059231595520759586,0.02634350661563076,-0.15544881934649313,-0.009915969019857584,-0.006410406338691246,-0.0017666070262202993
0.033835162906470935,-0.058098018274504275,0.02504462556593353,-0.22999316150686355,-0.034244062842262786,-0.009749313049924239,-0.00712928770983126
-0.010205454069800907,0.02790993421738676,0.02427263214660343,0.0393236232604977,0.014434388451663834,-0.028118228208768414,0.048273270190111364
-0.03025163428013912,0.017906246726488467,0.02467482921318151,-0.2170438155906595,0.08412513721556025,-0.034815768961252616,0.03517502813076135
-0.2976340629728293,0.03326804502481537,-0.15832292018065344,-0.027132698543646257,-0.07410303329881572,-0.02412106946694621,-0.07529117629979737
-0.2536178080873288,0.043359506917986436,-0.1213181093975436,0.0030068425913123073,-0.06721493336975982,0.07691655558235652,0.004839387295069173
0.11141241841811278,0.023551432317362918,0.02957237360191357,-0.07567173169612942,0.008042238624329909,0.02897826825326774,0.049648040826432406
0.135306916173613,0.06437129295365594,0.014818735041772012,0.053817135022691226,-0.022756671357128656,-0.018301324776839465,0.04242740366840735
-0.011222902145436822,-0.08299898804682015,0.04266433627512015,-0.018363869244276427,-0.011472747654333943,-0.013411733617031131,0.026434533684514462
-0.004180189647395319,-0.004219181440785177,0.03927726991769305,-8.317995554534665e-05,-0.002657659922406309,-0.0075687255439697764,-0.0669185842119623
-0.055308551465241176,0.05120817437637015,0.03158144251530757,-0.1054016235821473,-0.08427153411896142,-0.015732557010269373,0.01726779014337808
-0.013616409958922306,0.029820001974439944,0.03040802376068313,0.16139397090411878,-0.01704966173194407,-0.005193560279240046,-0.05045971145969816
-0.037634447008022105,0.04958562283463835,0.04602401733096485,0.06865293749229749,-0.019698048538411967,-0.03544224657387531,0.07161919446254615
-0.028119211569301118,0.006986501345600121,-0.06159343889878074,0.013761449375924715,-0.03752869365802325,-0.0073994359093921954,-0.020777614600374365
-0.06257393382486043,0.021299301186882082,-0.1346719562004364,0.02810921848333237,-0.06023278151886189,0.12396144389662368,-0.059334404735127466
-0.020368354402562548,0.02573518470666386,0.030460031965340018,-0.038228394668913104,-0.024759241695719532,-0.008815105168978335,0.04751836958806962
0.0046357437574261,-0.038333843645668816,0.015024651302082932,-0.06592875883434318,-0.03177288077225968,0.07522788507762015,-0.0361742955975933
-0.004891252068628088,0.03532692635511921,0.01952870085136965,0.05243265927412722,0.02867019621022336,-0.012547855207885731,0.08167961949016898
-0.03032398415823992,0.05694088240110432,0.02040785306628095,-0.0012333619489072615,0.1014575915262685,-0.00900383600499481,-0.013377338953432627
-0.028689889322122325,-0.04854147245609056,-0.05282156798057258,-0.07199117078263953,0.05289447167620892,0.0373686312357313,0.022624638536944984
-0.0425796264183009,-0.026885141500606547,0.017324448627914532,-0.2290358214097796,-0.1152831496679937,-0.008813039227679837,0.04537974024889991
-0.038635040198823835,0.05337657007214148,0.02283522593534144,-0.07306373276514934,-0.07426577769925644,-0.01554655420484778,0.02480002611700911
0.024026023695605542,0.0610764624321746,0.0505505635312511,0.07230219374934678,-0.033349596306725286,-0.006527566551230848,-0.00029070442949887367
-0.002150449404798565,0.04200118942708286,-0.11862564342412953,0.0798449568637443,0.06770695951316158,-0.008866765123093501,0.004725801377790048
-0.02166012133788172,0.015028971738138353,0.00485108500084607,-0.07298828634549863,-0.05890156285364355,-0.009402643063513096,0.04902326926530805
-0.001005523760177315,-0.09143037141500826,0.0238167799465009,0.06110024384674035,-0.02302273949484516,-0.02053458003414562,0.008234975239029154
0.0014305832765239765,0.05329436088235525,0.033002042571170016,0.12258861042773787,-0.03943545703448763,-0.006171406609137193,0.026312042347271927
-0.00446326221495838,0.0349129053584329,0.03774945912649856,0.09055355821970806,0.040833520069791115,-0.018454691733859364,-0.07021593778161332
-0.008557614985438704,-0.02426110853237332,0.05539133858401328,0.0067151883231417716,0.0017028311698959438,-0.020799676513997837,0.01899795342993457
0.0601152139154874,0.03182218082269173,0.030214166144724008,0.05069459532816836,0.002496936738098156,-0.007065309858007822,0.023200974127976223
0.009778880997764644,0.025158227759457082,0.0363917479509837,0.05353907091368456,0.1710536437043993,0.027128978241507867,0.041085553042939864
-0.009200336556150428,-0.015721885382008624,0.036603315815882526,-0.014872227629748531,-0.008433216600460583,-0.01784456454348401,-0.029646377001772636
-0.028530807359311443,0.06345066629904977,0.04926388182924711,0.025095614880192442,0.008476057940060854,-0.011528628853338886,0.06274427089374512
-0.0011789614958070162,0.06260296759050107,0.01626954799401574,0.0922092222460742,0.08152102215477497,-0.015240318359283266,-0.034448541625752116
0.13891980095988402,-0.005341747280035633,0.05078060129424557,-0.005048390522133559,0.08412441619046149,0.06812419374204183,0.0016322253318503499
0.009421903119946366,0.017749908902551396,0.04158029716782039,0.077063971620737,-0.0233747488496374,-0.007668207963870372,0.06047858639853075
0.002840561140656061,0.046906422714346266,0.020812102506752125,0.034455329386328226,0.07903255479082873,-0.015435094916465459,0.042429597824811933
0.006898561835878357,0.08634204777044943,-0.06002156992890378,-0.028905317265944176,-0.04691411965359293,-0.019404716622666456,-0.05867500237422064
0.10795301226975423,0.015349706776378296,0.02608186335703067,-0.14862056282909178,-0.02608921303195529,-0.013407638715943904,0.05970428081287537
-0.03481499998444633,-0.02596732396181324,0.03641961229623121,-0.13227973161687262,0.00778739064371621,-0.013779279293939907,-0.019417154564871454
0.022952844159190137,-0.004229646020467046,0.031186148347042038,0.03565523773353562,0.15367086869315244,0.001726512729364913,-0.03573863606899977
-0.01146927433801466,0.06883727894302864,0.02138417195819784,0.04546598827997513,-0.004251493950287118,-0.008245550108385942,0.01016788783017546
0.0046357437574261,-0.038333843645668816,0.015024651302082932,-0.06592875883434318,-0.03177288077225968,0.033319682447909144,-0.03688667831476778
0.0912882139363319,0.004024610147025669,0.03525454693270148,-0.05896440838791023,-0.005904296904263903,-0.011278516464299173,-0.027648067204281687
0.004971871825127891,-0.1967929742988781,0.011741532418745915,-0.08484705242841299,-0.028490358184280917,-0.02889536383605446,-0.0816506874008337
-0.0277804803041181,-0.15351289489779446,0.015990455931168983,-0.11361545805004425,-0.060269749087674414,-0.009095831779122819,-0.061817655573249794
-0.05738074423989019,0.017715407225332453,-0.16225286372573464,-0.06809936052355625,0.14085494796951026,0.0763206546913716,0.04855170715367421
0.10950538704893917,0.026957110517705583,0.024040398834185902,0.041176870984672855,-0.011056740686726695,-0.016811162189696915,0.019796869721612893
-0.06449846223549685,-0.051417336245649495,0.04953218393406132,0.011024508649497876,-0.13132019044489426,-0.009929705471440684,0.03215404647926334
-0.055308551465241176,0.05120817437637015,0.03158144251530757,-0.1054016235821473,-0.08427153411896142,-0.009725070628992399,0.011412882846198045
0.03519853808489643,0.03357154154051386,0.01760657175342203,0.050826357266705605,-0.045428570670264894,-0.02774214121775003,0.030679755626479163
-0.02699236676588044,0.017532213003651126,-0.033569233807029385,0.006708759782050038,-0.02571241752164496,-0.00824788699253986,0.016720808551181108
0.1104110706382926,0.009281416572666784,0.025523728925290926,0.11605944397000713,-0.020716493610962058,0.03419702570194204,-0.016951465058373288
-0.0277804803041181,-0.15351289489779446,0.015990455931168983,-0.11361545805004425,-0.060269749087674414,-0.010861605584505014,0.014341734366025776
0.056870100723317586,0.019899609061030787,0.03122319251790032,-0.010022931287530807,-0.02771213974265265,-0.009536096484589507,0.015400093772332184
-0.11162669622061004,-0.06821678417596559,0.06658350059722579,0.02014963499321312,-0.003312524093998945,-0.028572595639998324,0.01872795479692286
-0.009915517671470298,0.044061191229120604,0.028384714461390105,0.08915661558146895,-0.029841539607441517,-0.028398294372018427,0.018754276287509128
-0.08061732170150207,0.015847894720354815,-0.0457751372430721,-0.2753271873900667,0.0566453030624325,0.03615488780340456,0.04212428455997724
0.003458984886965483,-0.0007095159098389541,0.0237513749232312,0.01720128850880429,-0.058007225377659774,0.0766696406317169,-0.012526934972265735
-0.029632667389960263,0.03949219063099008,0.03443850422743708,-0.07127302096978383,-0.010539963837654796,-0.0067890943773818435,0.02144578331382945
0.07292624284009436,0.019478542080050832,0.008265657082338293,0.051719826606131385,-0.028375486540135168,-0.03911045293076313,0.06019775605760515
0.011341074608935742,0.11404094674384395,0.037759668907674494,0.06874973090285492,0.144291339782103,-0.020799676513997837,0.015317176695098168
-0.12894257178988486,-0.05162317675774829,-0.07016725295150536,-0.09153797673330702,-0.0407803322424661,0.028765071462257766,0.05376773975789547
0.0038091057766177975,-0.03441098948413129,0.0793541039019692,0.1586185272902367,-0.014381621720967812,0.06358210878590398,0.04877862030174583
-0.01725931508975918,-0.038370886711709316,0.019566554300399733,-0.15091150763422775,-0.019080427067819983,-0.016453906300012023,-0.03842130301054567
-0.01578090196439006,0.06768386816836937,-0.049044461777375536,0.07160566717560868,-0.047445070640023915,-0.006855059167792206,0.0583114490378648
0.2229256779855132,0.051303339311270985,-0.06684945353947114,-0.021719050947685902,-0.026537393574617454,-0.015422355478222016,-0.04375406628474593
-0.01729510821791336,0.11903898188269522,-0.07067374960199231,0.10655606762040404,0.05560643736913334,-0.016488702290516813,-0.03760030303034
0.05567038981156657,-0.055245408314876836,0.05393832704485249,-0.05525211607888195,-0.02471532554605801,-0.007219738078692899,0.04994075548369437
-0.04860300991047552,-0.017462024670239773,0.015271312901895729,-0.2410500967814733,-0.19410390302509767,-0.0356765304300643,-0.08146613974822685
0.2229256779855132,0.051303339311270985,-0.06684945353947114,-0.021719050947685902,-0.026537393574617454,-0.0073205495745060035,-0.038108797636814414
-0.03364178164691112,0.010097386269226264,-0.061031685838934216,0.1918878670751292,-0.04404521705771912,0.03289067922160029,0.05209036225802265
0.031382440009165284,-0.08486047779977525,-0.06408655903283943,0.041206450479803605,0.06509585815281754,-0.015266734966717195,-0.01929085686337203
-0.03836006148761953,0.02703313567915757,-0.005224592574304552,-0.2362344624519028,-0.050127788165773374,-0.007786367074586451,-0.05443971961562056
0.021594695823459915,0.02135272030807755,0.015990210375748576,0.0580455109072136,-0.0187986673983687,-0.008419771998669603,0.05006329484051093
-0.03309506586065253,-0.050552975411192164,0.0282572122136844,-0.0336940607199358,0.002213896790053696,-0.020641256918024736,-0.05824423615355045
0.12331705591916035,-0.0023105966807815998,0.01689751853758935,-0.06965242125272197,0.0216814939743199,-0.0162772731113364,0.03670201639470179
-0.008005836291995364,0.0880974921547022,0.032160223446844605,0.04464075573079753,0.06315311176465913,-0.008864600016750046,0.019044008141499945
-0.032351975098808904,0.022648725694616584,0.04420531878902693,0.0786077118738285,0.02827885525606689,-0.011091073826246429,-0.014979713591746985
-0.0011319439376165918,0.011134723599534482,0.03304730987321818,-0.061935123721632415,-0.03851093605699135,-0.009773350712493993,0.012199779539369047
-0.08389799936398049,0.049285970378150516,-0.2817853840921816,-0.01199092732553254,-0.07815789836367913,-0.010393712697914453,0.02209185770829208
-0.0514831619387769,-0.014760213017434581,-0.0035832861549715727,-0.24591865124777545,-0.03306118482090824,-0.009480534573012846,-0.0036239014728926123
0.00027471110652186465,0.05218028192604834,0.04980138778897526,0.04328598917978524,-0.009372330260594024,-0.02973713772749761,-0.03608926233719103
0.08514639817629359,0.04368264139367967,0.020738302304489482,-0.09319506134157562,0.07910191344391933,-0.011374652003960364,0.0030585625325329603
0.05972503820121345,0.027467017584713174,0.01152225910773268,0.036693195966217895,0.10823083579978628,0.15453172951891248,0.02212615070398897
-0.003227500205102842,0.03586597291301587,0.036912090512341816,0.07901144820407355,-0.02483098775534017,-0.03654151160744732,0.022162626534700393
