CreditDuration,CreditAmount,InstallmentRate,Age,NumberOfCredits
0.05097512223095691,-0.03560816456534667,0.01684352838245104,0.10053477295456105,-0.01105212990536529
-0.09160797079472104,-0.3118120839723997,-0.028060630365362157,-0.02800117406026402,-0.01932398288467084
0.03058081410796149,0.08540056102949166,-0.002212341220874805,-0.043138969627452756,-7.037940162263112e-05
-0.3015366728633671,0.010497115952784953,-0.03764820436001173,-0.026475700442388186,-0.012866219745192212
-0.027853431954572443,-0.13860570421777083,0.03163112428374006,0.03823125044014887,0.02150765201658942
0.001078732680034591,0.263927144645113,0.019719986426862304,0.060783416055855924,-0.03705576051288517
-0.018597279844398143,0.1823932570130455,0.005418619297379337,-0.06845508414233337,-0.041696011477106366
-0.4404944445739602,0.06673869889136767,-0.00895289611798944,0.048799620401405265,-0.019951326823211275
0.13390215486084345,0.10936053999797878,-0.000884656326379627,0.08363409112585941,0.004861012696856051
0.073076667396017,-0.15988918466217,-0.028239015012804885,0.00847502298271138,-0.0017028701571689454
-0.0075362796273111595,0.09906775820370967,0.024483512589758904,0.01821337292341923,-0.017315770592249466
-0.0025509772668374352,0.049964995300433655,0.013964294287779922,0.0120491968780334,0.011481052649760386
-0.315944298979025,0.009525464941216342,-0.0205162749907322,-0.14252426306527924,-0.013736658037669259
-0.14272647038509603,-0.09950037476752187,0.10419507675265777,-0.14518546904502727,-0.0013079121822374873
-0.048781147389672694,0.07132450563109159,0.04743611962760042,0.011371325875006732,-0.1597279235853057
0.02374574640634819,-0.13176485317520928,-0.006311590426557814,-0.15254660670332668,-0.009709154141164618
-0.1976422281780833,0.02022515159944305,0.009999149451032282,-0.08004057899219333,0.0022170259396807526
-0.1533788578415988,-0.21712807169726148,0.09514112955464953,0.08908251331573411,0.005437470890174154
0.058471325496916506,-0.02038907438878596,0.014695341108526917,0.08495719971411746,0.016138323258564923
0.013513801331528156,0.07868870089969278,-0.004558115636318689,-0.06951398588680605,0.0023775288167598775
-0.1375032642015867,0.053620773831644326,0.04086463356702552,0.12165152133267838,-7.811667019268498e-06
-0.38432115116302157,-0.04131027865674696,-0.05672031975704158,0.03461152126859815,0.006401312674279324
-0.12224038239721267,0.00532211509798799,0.03127649741454661,0.05008129086912049,0.010570205614058067
0.015265740721442853,0.05358444288809551,-0.006518945809075376,0.05132668956819544,-0.018896883500856346
-0.05066903520913911,0.09950979026085406,0.005550866297271568,0.06533783974584367,0.020132847917993787
-0.26258496136470055,0.06637308188779571,-0.050120946450733755,-0.10558796669151889,0.004621991934909602
-0.0010494792407553177,0.15569628492674384,0.046960687936316386,0.03772073141120927,-0.00019979250500909985
0.037805412232046365,0.09339208477063948,0.006482469191032578,0.05315135769349581,0.010559596415478155
0.10750189766360563,0.14443651954970846,0.016186038704181557,0.04109494912103401,-0.007109936902998016
-0.28639092344044914,0.1780688799311247,-0.017526305949177187,0.168086984634283,-0.0011401047320396174
-0.031149099444810417,-0.05467148411873495,0.024598761015950002,-0.1201512290631581,0.016328415151438094
0.016247496486539604,0.054136367314040396,0.004731047188834055,0.17783210605142813,0.00553524252747593
-0.004836022042873082,-0.3723342414621584,-0.08024769851785095,0.0026068120875788734,0.026901565409934845
0.0311627809991478,0.16698767164809397,-0.034438596324907846,-0.03471124951794991,0.011356776780376094
0.054481009564347004,-0.316678708737345,0.01156468528759433,0.015373718465925777,0.004192590681050205
-0.2621967706406576,-0.07357905175085762,-0.041089613501426356,-0.0024173606488329825,0.004226978440128732
-0.2969543383481505,0.037668319584081476,-0.003986116967280395,-0.10592142675101059,0.01096373627842695
0.005560599184318562,0.08944739146812936,0.0003306062359479256,0.06692526985345466,-0.0003487176323687891
-0.07263505463070033,-0.056241707007029615,0.03979238364778212,-0.058424037229851816,0.023218846094387117
-0.005314493104378926,0.024921926535280362,-0.0017386514495228767,-0.11227406594618515,0.018017796680214814
0.028619069229475828,-0.13611178793176804,-0.03938521987700369,-0.049756413295508534,0.016125224663919652
0.03485405423558405,0.06683731084645843,-0.0249552146068163,0.012559930033130513,-0.011325404806411825
-0.06313069760642975,-0.1625568883379856,-0.016775724586841533,-0.10336228499811113,0.006838559516181703
0.016088116365353927,0.0997572675011179,-0.012348007292930561,0.042601910638477423,-0.030576191521904546
-0.051631875852312985,-0.081607984148377,-0.006763521596440114,0.17616837441120878,-0.02004926204594085
0.08846332387300208,-0.06411307218299044,-0.007029167155487812,-0.059326759057294114,0.04771287506569934
-0.007583067582309013,-0.23601360137792654,0.01179415881728346,-0.3166133247295511,-0.010702602676246897
-0.016813289082856498,-0.17111389785779466,-0.04236605519148725,-0.03964233926304587,-0.00831380613752117
-0.3797814906356507,0.040319265548205294,-0.05807272818110505,-0.1190346154072904,0.012011414198786952
0.11676874011453037,-0.00972900746968662,0.02830747681146022,0.009086023158888566,0.012744809779396746
0.038497394717269345,0.0839935120703376,0.025780987677972007,0.04487252169416024,0.01193180584217771
0.03762141947328928,0.007920628203937668,-0.019593470354375312,0.010722500206429685,-0.003918885313323699
0.032267003369343,-0.1677642102251775,-0.016382993323422853,-0.16074048267284524,-0.014714255218859763
0.02994049438580987,0.16327186412479933,0.017726051773024665,-0.07275323475721962,-0.0061219478520797566
-0.08958965913261636,0.2576552067927696,0.024941422708216122,0.023348563932668185,0.0023433555386145597
-0.0016954923722732928,0.13033274038571108,0.04448184287273762,0.009563153389499347,-0.010325868884392549
-0.06776705997704995,0.044836900088266705,-0.004752470312378136,-0.18888019718353463,0.03390330919792177
0.022463146024674644,0.21024364546714425,0.0010266718232742277,-0.026195453569307574,-0.0038090597868722397
-0.27884935271780703,-0.25508170227578375,-0.04488385841486888,-0.07543196881404583,-0.018086420575273224
-0.046835846738322286,0.07798346907762607,0.03143788479501382,0.011190967173679383,0.06767012410215102
-0.02473285106549156,0.08233691330657165,0.022160101632543956,-0.02837792137557699,-0.0173404500047036
0.05798149782945984,-0.008537009300962382,0.05006853818049421,-0.026870499180840852,-0.058151076398644364
-0.16057120220029902,-0.04414526046701212,0.04154347009094636,0.04309947619192826,-0.0007637732586590573
-0.020691135148663307,-0.25251219845846207,0.009434951882103632,-0.14110575206668727,-0.020160889594917533
-0.013187545839464292,0.06208051527890348,-0.005265559338004096,0.048606423425808315,0.02457336448991555
0.2175789037625873,-0.10320854296198377,-0.029275853510262094,0.12195191380589676,0.00473637654864433
0.040331863109277034,0.027055555488659594,-0.0012703540542861446,0.19969736895858659,0.024305026761940098
0.007787163212851738,0.12136856302982778,0.09633029383265239,0.012442308452882571,-0.001181074875057675
0.029204724508126674,0.08850913258545916,0.018786427902869038,-0.1458035389072302,0.0028893321050782106
-0.0197583742687857,0.06835587696830771,-0.002394967801628809,0.056992390494415304,0.014953998245255206
0.08597194807553024,-0.018860035314464767,0.00791980343812611,0.10743645921309508,-0.03899643434451718
-0.0009724004752206383,0.1271697084484913,0.007098654359906504,0.035490255827462534,-0.01274987722208607
0.03420938311552163,-0.012017084117433114,-0.011499001130578107,-0.005935798970313044,-0.019754136072297115
-0.10293327955234417,0.15331104627119202,-0.00783848846476758,0.11060453263715317,-0.0009636900457553565
-0.009587413980916608,0.1472649472203193,-0.013673707773959905,0.03968089612437325,0.02060056733673264
0.023869241292923105,0.07160033364663831,-0.0026805031001276803,0.03646442699058752,0.002884597451193258
0.026972929646531155,-0.023672969101426133,-0.023109944932875805,0.09785736330661166,0.02542665167915402
-0.5510544919832319,0.005647243363528105,-0.05813929585387086,-0.057839582732412964,0.005755497564969118
0.024142340481339487,-0.1861717586994564,0.05263798641404719,0.07398039367242745,0.007449062904051971
0.03757047454448184,-0.00012505313057772582,0.0015312077289127046,0.02875105025486846,-0.00044613019963435363
0.05995517732735607,0.09711372321897216,-0.047650304436901936,0.05473618058589636,-0.016651364195422503
-0.07915294272606843,-0.015793339611082046,-0.01345393011437409,-0.022342995853614413,-0.009165159300900996
0.05971937643626006,0.12070531878856855,-0.0065163135890270495,0.009033326312091958,-0.02308594343241566
0.07614852352715389,0.002066027022592607,0.008409343938328675,0.15621795091283275,-0.002083806147420546
0.003898158979282016,0.03855835517675587,0.009558798882353585,0.019674591241928285,-0.016268688449054027
0.0926560221039108,-0.06523485109188186,0.07057541869187844,0.16082868441597384,-0.008273553404869745
0.10949424873077078,-0.023463443748423744,-0.015904666498427103,0.19287771940249512,0.027909435963010765
0.08912368802568381,0.11396554503051448,-0.027817450656948496,0.012552727048278029,-0.006593476771413407
-0.037996846617315894,-0.1793296432837451,0.04076862701174832,-0.03526775760641612,0.032635542161951886
0.0012790971616777824,-0.11188718931851327,-0.02934804178745253,0.017390798963824637,-0.012853333224993548
-0.0029459262704767753,-0.06334635902825539,-0.040343527887089295,-0.14319097825573407,-0.009941485942836153
-0.24273205773428344,0.08424533830308065,-0.039791910402709615,0.0530289435200757,0.014960533147968818
0.028559151955414565,0.0960695975886847,-0.015619531123011256,-0.07662092989994562,-0.0031704805584740823
0.026457313548526144,-0.00846861337991868,0.01915659763311851,0.05676776310392597,-0.026967036140849814
0.06182617615544586,0.11349431227266905,0.009067361345259997,0.03140096093382454,0.029129525129683316
-0.01425409796720487,-0.014345145718034474,-0.01327854481234681,0.174621251352728,0.04419759898526536
0.0347756693460542,0.1835802834486458,-0.0031231500518333634,0.017651298900746043,0.02302556665155862
-0.10404183944832766,0.10290922555981524,-0.08519584836016293,-0.12607073786820366,0.009905609015477239
-0.058676086573759674,-0.07383721619953576,-0.016602148938145548,0.034434853110433324,-0.003162055534485262
0.124222677804064,0.129517314509867,-0.02167832266590267,0.009886207291820027,-0.012972649041330442
-0.038253439812469876,-0.03708408186710585,-0.05522579580094316,-0.17548473864997505,0.06185307488634862
0.03524420716188615,-0.15973051517590647,0.0628369374417889,0.03499249784115818,0.009328538132540415
0.07059294412967575,-0.13134400317227118,0.04320626491273288,-0.12908163451407745,0.030925746571483614
0.03275301176796347,-0.08351241928510716,0.08965690506593091,-0.055830699544021624,-0.030887793027650334
0.001689321014091547,0.11415834321000147,0.007844834179268219,0.10267492541865067,0.0012818226011586376
0.06559338769176976,0.16721167857827823,-0.032632598122108905,0.013279669632320293,-0.02040910787312896
0.020804212028961048,-0.09027263463747659,0.013768516878044465,0.05500060819409555,-0.020810238759877392
-0.029344363589261777,0.022071864318895677,-0.0001972511657550058,0.022127399744858847,0.008576516398607055
0.029653010413821904,0.03930502880939457,0.02379879407468252,0.04048253499669954,-0.001342307896920829
0.03625186296623724,0.11778372297052556,-0.009192909658668213,-0.0036276359903422415,0.004208214367026813
-0.009150165534447297,0.30579715359283,0.04677263115943788,-0.11482149760944595,0.03169589563734917
-0.23532074952869153,0.10176036699547694,-0.0745907061881735,-0.035083643909019885,-0.021688422800798433
0.0026304527512547794,0.17669391735693352,-0.013055577624327271,-0.09520527472574031,-0.0044999582310992995
-0.003722221541320323,-0.06688951746840757,0.002735775016408297,-0.05712033470343158,-0.018379640579078114
0.013312094123284624,0.08517778460158297,0.03571141168165923,0.06843303318441031,0.002278240920131793
0.03888602540591819,-0.4078621507333446,-0.011581209659198066,0.07623792468129978,0.0007534197354107163
-0.02726073535726755,-0.40424263612145295,-0.029264271718275267,-0.21516373851627577,-0.004455807657868718
0.05965711107346579,0.2882403631124544,-0.020871392354965792,-0.06357179674174404,0.012232860038639047
0.06751418845400621,0.0965044485141334,0.03976417773284993,-0.02746208997976282,-0.00422640559845604
0.06972678028487281,0.058589680483601116,0.013041530087029969,-0.10273317239598327,-0.0076409770744794514
0.04914482401298301,-0.10722919165542408,0.04085170373800793,-0.04961116035032319,-0.025357149780684266
0.0035883347847993716,0.02499877556518186,0.06863258454570315,-0.2489264522222493,0.00661127301009401
-0.024161046750741662,0.08272281465873675,-0.006990491954275058,-0.01962200526089873,0.04966437981380295
-0.05989997771968774,0.034864386972949434,-0.012721699208050267,0.1844583948260697,-0.006301356289404794
0.07615499489125796,0.186042048734962,-0.012439321762067267,0.0725499039128772,0.039542959085374606
-0.0573588980032946,-0.3623486234414304,-0.025541668451041916,0.011727200103450741,-0.014937360422336496
-0.08271247840399155,0.2665465285880782,0.00035161529973265715,0.1627245220703844,-0.0033473662000324113
0.02197653151510167,-0.19160944432904217,-0.06854160900551505,-0.002231594656186644,-0.004332169964327477
0.024889394564088434,-0.06206579630328633,0.011502278891712195,-0.1586533543896712,0.05319791950911167
0.020010138315337826,-0.027283995999277978,0.020788652608716804,0.18882361086540186,0.027070559597850662
-0.07166480930027319,-0.012516035301159719,-0.005470401326056163,-0.17369644935308315,0.03228199977529585
-0.045740523000336,0.011921072204313533,0.03395223805589922,-0.009997017656824028,0.00703084857770591
-0.0031158545519429028,0.027267396678798832,0.0067368368449751866,0.04044830691102106,0.026603063347210992
-0.02343691606016364,-0.3162430833514736,0.007271030494594015,0.04753603716850194,-0.04911740849049238
0.016402870888632605,0.2888966555187653,-0.01880846462750924,0.11247333042694663,-0.022350534435827286
-0.013363944960656227,-0.10205147836171818,-0.01814697286175942,-0.04912258501441102,0.018209356586667128
0.0805760921732508,-0.23080554073192616,0.042706735419560576,-0.043056259066725035,0.020733065773238194
-0.1379487626051332,0.043999177697114644,-0.046224861231712565,0.08553333863081207,0.01440361617562303
0.03657156589470105,0.11294216830821824,-0.016027865121141075,-0.06600625235798362,-0.008627653449257195
0.03525130237519534,-0.27157518016862014,0.015507277058932232,0.07291973331353802,-0.004763096128845064
-0.08230887796309162,-0.05316796026087104,0.002024011627145228,0.08279346949657337,-0.005583492103396565
-0.0061701597039791525,0.06928022651081847,0.03456840202223248,0.05427896356573911,-0.008592590914922767
0.08741976296674693,0.11392402338849933,-0.030435466276030637,0.006325510223541641,0.004411262739013182
0.007071449116629083,-0.1829535104869501,-0.08560999547178653,0.03245057826596167,0.016615738447108015
-0.01477686234495195,0.120388671827277,-0.015484744151726772,-0.06232431742857443,-0.00036424195452127605
-0.09484099557263108,-0.012553186431105132,-0.041602531491662376,-0.08852352281224739,-0.017361131132638548
0.01855034066211374,-0.14990084001838114,0.00902855595893925,-0.024024564759383794,-0.016274200133048
0.05616763683925001,0.07430796258460759,0.0056396443974517756,0.013471094353444641,0.017088513381531813
0.09114391072926083,0.19371643775863048,0.014512353998889012,-0.030943578821788834,-0.003995718825608492
-0.057544308367359916,-0.14208432251249178,-0.029556643601026736,0.012753691399993841,-0.009100132704479619
-0.12972922838831435,0.197461673433354,-0.009820257755491184,0.014299525158276084,-0.029083421938703394
0.04579311954868899,-0.009437327448686118,0.007341508005047217,0.014020702095403976,0.04965730393327249
0.24474165461040684,-0.07081526512054552,-0.042657137031528694,0.1275481436951668,-0.01041326595674036
0.05875486512719363,0.10675469793779485,0.01132380089165963,0.019204998162167614,0.001701006055882317
0.043698407754855,0.043558636207671954,-0.01686371088027954,0.036814813201417565,-0.01395639798087359
-0.0021618343927548266,0.14331687603167664,-0.0063989331862831025,-0.04214811123398249,-0.0010770235839299858
-0.0023337841108150314,0.12698890636198484,-0.016423655237886123,0.08086949599588479,0.0200280449398997
0.014674253800185397,0.07749233019898384,-0.008659579938721436,0.10763449789345031,0.01415105208667228
-0.05037722003409726,-0.12207778307354601,0.031482325855449744,0.011635747657564935,0.02768231139765703
-0.0561969905593287,0.04120116246493126,-0.031751264039303354,0.033510995579126755,0.03460980494583055
0.24398437440318957,-0.12591577086684994,0.012745799045951571,0.10747906670570956,-0.006630229726615653
0.006740943659583536,0.039975532117623516,0.004811429912660969,0.10910028230166063,0.00670608996777446
0.008833100653864676,-0.017509828750735323,-0.0055332902338705026,-0.09758887520045391,-0.01898574105478474
0.08644948769873735,0.04005199085004278,-0.007172368353785714,0.03525794896646403,-0.005940240488998824
0.16027230651005084,-0.07742929711545003,-0.0027917341171996668,0.0229167419415171,-0.01197246505471412
-0.14346893707050185,0.17295102539785148,-0.030404402557396678,0.06943147929152474,0.019315071616147178
0.020205228333288687,0.054480984223810085,-0.01518833998059563,-0.017416891581979142,-0.003716580158506986
-0.017829600820623456,-0.01112249141500797,0.019421022240167077,-0.03603186038686545,-0.05034455539243936
0.034781372401630505,0.16111031024352995,0.014852501943496464,-0.06067891302569478,0.0018572795087675332
-0.16908776900279918,0.10805201832550665,-0.11411748404745595,-0.021559622431086608,0.01163186468744243
0.002781836887152167,0.11752914343611337,0.013325059731141665,0.04622164376283763,-0.014770099612651393
0.014316697549511447,0.13158893238349265,0.004450131102166779,0.0429051360575977,-0.004383013501865207
0.07556515342075727,0.2173815128885144,-0.008305459922994488,-0.0705787277888885,-0.016739315659942803
-0.3444576735785813,-0.026269198943628,0.08365946790683665,0.035070496948683284,-0.010855713786295382
0.12416436524508753,-0.20331111163672178,-0.02002114340415574,-0.03417692272192653,0.04251211985902046
0.02487953637719329,-0.27479015634788084,-0.058673657561921576,-0.3206729433077271,-0.007893444551555148
-0.00975554566401115,-0.08576028106479498,-0.0295172559177081,-0.1334294757232783,-0.00551646920866915
-0.06821408558804251,0.021735276014769624,-0.02375006416670658,-0.09031354466234916,0.008335642324382206
-0.03829507298934914,0.05390279342809663,0.011164011481960188,-0.017090428059455008,-5.596966824668925e-05
0.006167538844638329,0.10400634020592406,0.03417391746686917,-0.038334566860794436,0.031672327036139904
0.05622155371645931,0.10176787991880701,-0.0002166475732519757,0.02969626497149875,-0.004355178483529017
0.012319623359944671,0.06355936327829113,-0.010346653344095102,0.05152961692125246,0.026251024310913636
-0.0017155639583506855,-0.11929951497782895,0.05377363688738115,0.15699024025521793,-0.008789942122530193
0.07721112163111683,-0.035401573490598824,-0.04201204801458516,-0.006262048402895744,-0.011659001250664006
-0.21037688483651437,0.11473126281325677,-0.051364462022211226,0.02023902445267595,0.013406409402450662
0.01634132585299085,0.10064371541557193,-0.013137524602061603,0.05311444506674889,0.021272742759101675
-0.04981669289700221,0.03602895666343102,0.04274346604619495,-0.1336436992480867,0.024541457983868895
-0.0004259561482467689,-0.18237615049394662,-0.030508621075678092,0.04756975162934395,-0.02377911020346801
0.016218469041923526,0.10623203387573085,0.013752124471320713,0.0807870244624064,-0.02197162374694017
-0.035031853931213844,0.02409351030488324,-0.03615052286950231,0.03270936655117111,-0.05360240280810103
-0.06620379858810338,-0.002514924449278624,-0.02461281538460753,-0.14970030428557038,0.0029866156061325454
-0.049069232155306966,0.01411334584114229,0.008623081398109207,-0.10330685973691288,0.0030077871646062705
0.0684374229007517,0.19632120554892027,0.0763535477674668,-0.008488572944770567,0.03274883742145903
0.020733159451410757,-0.06039947245830263,-0.0372535615007655,0.016433075634522537,-0.008097593597121887
-0.3253578303359973,0.006342508964153239,-0.050509174741164314,-0.04767541997447552,0.008836838983843336
0.008812885999359423,-0.149571768209953,-0.015094049401741359,-0.1241796967224218,-0.01821711929173034
0.006502774443069939,-0.33229720072980856,-0.03160313514061272,0.03714185630327847,0.021268149012321373
-0.018530415909335716,0.1832565527153565,0.14387446567243387,-0.011440983302672975,0.030851159996600472
-0.018987943759566406,-0.004967421631008619,-0.02192936887280666,-0.37093873868298943,-0.01872297047128086
0.05470908559702366,0.16194816860017455,-0.002472131430840818,0.1573626768781469,-0.11833611081689015
-0.08387404280045302,0.08862367875713971,0.07072933018633193,0.009276466970404726,0.03983448030427098
0.013852169049641816,0.2017721952843385,-0.03341751097614178,0.1680544263884076,-0.01774585183171439
0.03173061466826766,0.17509031962468724,-0.005548803733472596,-0.0038786695535236505,-0.0023497095511993394
-0.23747794577429887,-0.13787774704167532,-0.03652369977477065,0.08543761160697613,-0.0017351894599414663
0.019209835374131217,0.24472269879599481,0.005641541668956052,0.026303658555953006,-0.0032497311316546985
0.003066203870475874,0.06893557191931904,0.08017723407854646,-0.049346863067039524,-0.002603352477890439
-0.20648238719026268,0.06735462902102882,-0.07616646628826856,0.05427176061348291,-0.0015113152041158174
0.08274341741940588,-0.3367554585684775,-0.15337740568189473,-0.04072024773980956,-0.024474891432037113
-0.01068901796672435,0.07091228091732774,0.02207715195891069,0.08474887120981293,0.011538833795057143
0.04781020131478726,-0.12100590783826191,-0.009446861803771753,0.08046409778326051,-0.003414523183964775
-0.043441134487948146,-0.10721038346317073,-0.02205353272263892,-0.06577284018472711,0.028885623356618453
-0.07290979356861499,0.04036562037359545,0.032658758554898665,-0.061670629659929546,0.012552527174266288
0.010850252182863188,0.0660596201507724,-0.002177763310683076,-0.053166338909250044,0.00032255617832561257
0.1047798985342888,0.1131662944087293,0.09752781308459817,0.09835133858185145,0.002293323107587639
-0.05444216031064571,0.06924493222400997,0.04005849840847077,-0.0002733025782072218,0.012857817724143388
0.006953064382614684,-0.12555917219244292,-0.021954232240532293,0.06131366331985191,-0.03607937527471222
0.03243492184330535,0.10750149937353853,-0.027423573899832264,0.04593288180702075,-0.001988134696002817
-0.4322973128333615,-0.004565368341427529,-0.016552020954986802,-0.009230328411067603,-0.019424657992785796
-0.17746261819178472,0.23155937604366045,-0.00857506768352323,-0.11432593451804678,0.01888827851493261
0.06640096887960681,0.11148359632610663,0.0021271875117599847,-0.14130352227410184,-0.010998406854705536
0.018562724496455303,0.2270465148835865,0.029001584378638656,-0.06753563432575901,0.011500596662226598
0.01103702454107406,0.05992287270775705,0.0007320296181933373,0.01480196265540144,0.01016000803982024
-0.017886619047858404,-0.0640797425184428,-0.01687823826847307,-0.10242140094342175,-0.02132404369149299
0.0656731304981804,-0.24256612551325815,-0.007563744477010914,-0.025457079133702792,-0.0010153612832073122
-0.09554243374896032,0.12770161182759693,-0.03529861185430491,-0.0901652521493088,0.021369241492866422
0.0052846758629311805,0.2014065654417209,0.020368839041329922,-0.11084108985149214,-0.023949438631316298
-0.04667983875326172,0.1465622286251164,0.045304598728689596,0.04795376703212242,0.016352529440482613
-0.009239644750196022,0.11749325727027099,0.010556075533822878,-0.0031370419161976314,0.061348283711558906
-0.0422461100340297,-0.48405862300238367,-0.08723007022646925,-0.04298715493736381,-0.06587609649810475
0.1047321555839153,-0.007918193235309446,-0.015891201886333875,-0.030125260637432802,-0.013871303843043279
-0.011821639274858171,-0.04748628564328101,-0.0053933266995591115,-0.17596577821247592,0.01845104204447125
-0.14299171709857092,-0.14974378146569506,0.0002619678434712114,0.022112597100713175,0.010335679574054665
0.05783924031104107,0.013439380172894744,0.08241911088876805,-0.16833763847469527,0.03395664758427301
0.02992165196919814,-0.23650309986976936,0.016646469742408954,0.005566525501817523,0.018238239474376316
-0.05504963144143403,-0.2466212548833937,-0.0444554665726173,-0.04470928682556405,-0.006419659879538813
0.08844355567922321,0.11386918146294192,-0.006930574842335772,0.06643981205186719,-0.0847309850230522
0.0004981709754792973,-0.31575451792570675,-0.009704845163505525,-0.11047676927646535,-0.01090742146334378
0.002734806190724157,-0.020019071797123617,0.00645773265438038,0.19050131939235143,0.026838649011042433
-0.04421168150911399,-0.04997021146147745,-0.02531086669954675,-0.14155088885250733,-0.0197608905704692
0.074291111111379,-0.04619816026188346,-0.0054798555813613346,0.018348344066798746,0.02681807921435393
-0.23103250113708781,-0.12352670465374103,-0.017776419008732773,-0.20065533187051188,0.016903246233341634
0.020911665274834377,0.17040069002465316,0.009092386486154283,-0.12530444931981038,-0.013003173956822139
-0.31227795868806424,-0.27160777368204436,0.001448616940579086,-0.23749048178637167,-0.0021845456390292384
0.04398194086425065,0.10919858022221889,0.03510128713096492,0.024545527939371824,-0.007448300461401231
0.0005723856869735755,-0.16333364653801255,-0.0835625463271208,0.033035443629178186,-0.001270393615559442
-0.3859189374793641,0.03057085814591119,0.01934797601399623,0.09346365410390717,0.0007516377267893404
-0.2502858751341773,0.13635093721841257,-0.06151788076651428,0.0050771222536423015,0.00999867691702093
0.14373071241872823,-0.010385239280331006,0.03302816900650214,0.0898281163838692,0.01211639507968357
0.06061976345496078,-0.015706568078749115,-0.0026905312038616102,-0.1459665938924445,0.002317111135052983
-0.004799144910575706,0.017414151331049652,0.03974214876809128,-0.013669237179456104,-0.050551950371736896
0.06784649734119284,-0.33181860274467906,0.1180818466762139,-0.08924901624988707,0.029710412694330442
0.039998563743720295,0.16286606940837373,0.01813297260661784,-0.0608655436601839,-0.0447269905453868
0.0861180088528272,0.05806234265928652,0.03897383195365364,-0.10917306891831685,-0.017676569286268203
-0.06041946118217311,-0.39814808160423126,-0.023044448052314693,-0.09054091019781481,-0.040550669252552324
0.0012748026329063578,0.2069700424442999,-0.02144888063223334,0.08258896600869775,0.003254777717302204
-0.19765961238228102,0.20067139649599994,-0.03499968331329001,0.01363703140828875,0.011332298961133348
-0.15792173631867626,-0.1505498542103305,0.05823964737734059,-0.04898960602902662,-0.033829529907670804
0.023796213854075175,-0.13606176727411368,-0.11063425294254557,-0.26123893215051797,-0.009639851937936327
0.01859857478601043,0.019358373237737397,0.006992143335519358,0.0549293695396409,-0.0024215918738627806
0.015416298430063763,-0.026448874096695364,-0.003279539752729761,0.0033551514867940567,-0.016304872354958207
-0.045521149778214746,0.11676001529511268,-0.03735242874608957,0.056864106975117464,0.0038715271274122644
0.12351996817862528,0.05964009637438721,-0.01578994620736921,-0.0019803564735047987,-0.010158344271403622
-0.019305684573409962,0.08113827464763744,-0.008748084819599171,0.0673308093578089,-0.0006772110317251645
0.05389367359493917,0.24180309116807622,0.013586625903262756,-0.01838526653187728,-0.01010560464928858
-0.04138989798411785,0.0630488673588843,0.024093615736928767,0.06891440227158455,-0.006317093726829625
-0.007720582997135353,-0.4201704900596451,-0.0007962934932584176,-0.14836868631908146,0.008914295756258071
-0.027103919941873757,0.1338900079756786,-0.004023605158181454,-0.04992268622630945,0.0003015796878025867
-0.16515727010730188,-0.04205248305705027,0.11842144011854544,-0.04842379589485063,0.00033031610102625565
-0.08145619503859053,0.04600836064681062,-0.019753168490642566,-0.07501413232264895,0.002069713691162178
-0.07532457265027916,-0.039973159948422106,-0.015769569401163606,0.00938816036516073,-0.07479184550553328
0.029779541863827034,0.041999070393831064,0.019343351838288073,0.11096134774656093,0.0044549784153787185
0.03556621366777108,-0.23951372706182156,-0.019752158541959944,-0.09502682079084479,0.009725498899933882
0.07698290386535518,0.02019733931389055,-0.03357381785084726,-0.14657440074704936,0.02055516849839478
-0.010116722329039476,0.33698207740733777,0.010112134425089608,-0.15830411243477102,0.02197585967987834
-0.0598501393270999,0.26373818921689235,0.05052437846698012,-0.03356279872750747,-0.0009658635666710324
-0.011285197244797018,-0.058595283721024315,0.029940080204978584,-0.016863575703673632,0.021317950608645334
0.020055299521773123,0.13861246349526482,0.002786174318353005,0.015356896662615327,0.008943917545257135
-0.009596917143207975,0.03652775144912084,-0.013082222207885933,0.05627855888651538,0.012244738602094003
0.001866539029579144,0.03659420372085151,0.013875016627571313,0.0054914974066196005,-0.01073041110401391
0.01737225717421097,0.06103273529144644,-0.011720430789646344,-0.06373575951834028,-0.008177013872482349
-0.06874377581785666,-0.08259381310912431,-0.04967738489052863,-0.3535638749302143,-0.0062766972788085695
0.027411617234611184,-0.041809600675806,-0.0012767449942475652,-0.03394163681761711,-0.02683926025114488
0.18650950547264075,-0.22191145245618826,-0.038133424262596236,0.043272053017517464,0.0154886441945564
-0.1390462250560813,0.15628320187173814,-0.12009686374425656,-0.04707862950366689,-0.00010230368803604506
0.010598644118435913,-0.0033471712166647195,0.022024680989052286,0.0028372625652627903,-0.006535848891799105
0.11419056538914446,0.08059615737958666,-0.001327027205406921,0.03392201843518706,-0.006694454948737985
0.030500409622691224,0.01801281776308315,-0.0023728355085040676,0.0020754755551024573,-0.028055810693113015
0.13692589123544166,0.021262859590715378,-0.050194556376955,-0.06316468068980612,0.006862845728828688
-0.02249009799590567,0.25760342508272516,-0.008720703321450855,-0.011142853025485238,-0.010457315536332317
0.008173196544739768,0.3098378973421495,-0.018780342928694155,-0.08998741580799105,0.018773299670647246
0.03603371915636672,-0.023003461093758233,-0.012636993023043032,-0.14501342586081592,-0.009087579772567552
-0.05616457091680786,0.026679482866165928,-0.012898959038429893,-0.0012175436920733773,0.003398267423035577
-0.33952625299316425,-0.02442277599024237,0.09701599742189501,-0.05629590157757775,0.021453518529815484
-0.2228756336371589,0.01902572962695558,-0.07293534051641473,0.040122399251849857,0.015728252454064204
-0.09819725764755276,0.0983118814154659,-0.009111884827143512,-0.07871490534831536,-0.015745430105016566
-0.04396362788326314,0.02972239499740681,-0.021907819843763717,0.06612657309669885,0.0023995096555154303
0.1471893323835684,0.12688777755876798,0.014545528891176218,-0.10943627834174549,0.007238774042125442
-0.230057112754439,0.20263939847634901,0.09073944930896687,0.09193635172385256,-0.015578984683161252
0.014041276593416115,0.10623190524253005,0.028158378471453034,0.11422956518292267,0.0047017765634518585
-0.0035692895315150965,0.2085382020378529,0.0020539459616702514,0.08089855204783816,-0.013127348110901948
-0.2543350889220528,-0.025928380819314045,-0.06334614473023975,-0.05375935172574828,-0.017288104250328614
-0.4195127416535979,-0.10303388083870231,-0.07603855863562785,-0.05677269900518695,0.001363775420904858
-0.03357185635708447,-0.021429545533974307,-0.017751970622193768,0.02806883297413151,-0.010789673013641731
0.056049879845086255,-0.2728133441341561,-0.03975786266470095,-0.07939801701017131,-0.019357661789981648
0.09917054197339895,0.07430669248627965,-0.026127938911959064,0.04095630608797365,-0.013352546774112852
0.027445793388424136,0.10796383876633626,-0.015478371495446482,0.0013303699970856541,-0.002030422260504565
0.02611237577999418,0.11385280254260578,-0.01263169042797017,-0.12592447191556858,0.015015793022103026
-0.013698118784304825,-0.12212745553359128,-0.020579170007440552,-0.2263108130402543,-0.017051521942630644
0.11028289726491494,0.09878050541337871,0.024794530777289766,-0.0010716371127637103,0.07309110306028742
-0.012029474957380444,-0.27468601253007363,-0.04260192281537457,-0.023095905184745788,-0.010203805070195813
0.058956628474916214,-0.046248564585112034,-0.013579347832710482,0.07611473951274092,-0.019882744495844235
-0.003475786620983854,-0.18229460873119024,-0.04281892928695015,-0.07998883255349938,-0.01787999706240953
0.07581885610896279,0.10612860651115624,0.00028102041105739774,0.04379563175476506,0.0028087288588722003
-0.011956968745580525,-0.28361395246458415,0.016477921427140246,0.026488877850133576,-0.024206980041926725
0.10462622414677752,-0.032497815681817886,-0.005389192154834746,0.09009373605640576,0.02537137676987186
-0.015313756069517695,-0.17202984012259548,-0.017353253630280962,-0.09321836580289528,-0.004352482833783142
0.01078697046803427,-0.24647343260861818,-0.04044760630764358,-0.09795659625291592,-0.03835051702801138
-0.11427336894514156,-0.3987272365338504,0.010083968254584762,-0.07552432541837334,0.015733961619334876
0.019677639801229815,0.09791205278383132,0.007403324672741292,0.052564517313585385,-0.008439183178998064
-0.05105360933339398,-0.4669156743934946,0.04559944050193735,-0.007461583209624223,0.0008178109271102584
0.021251253202062798,0.1215593713043927,-0.024373218590262695,0.07247963782956504,-0.01179039820068283
0.06621862249856349,0.12670721857160971,-0.019787120682303795,0.024416304424485134,-0.008778719509136864
0.02491119919846824,-0.04282069242966827,-0.027558966346696252,0.11028828439786593,-0.06470556631593354
-0.02335453644358495,-0.08177754405529412,-0.01946334340791509,-0.15392431493051845,-0.06693286470661405
0.006167621956228686,0.11482211113714584,-0.0163239155591873,0.134843580376546,0.014687789489835268
0.003910201579419664,0.09040900442443672,0.007587752047547838,0.05494362557590648,0.01105488840767066
-0.11816753496081218,0.0539966682965678,-0.011481305629386042,-0.09418310636453497,0.04126050606282661
0.02487953637719329,-0.27479015634788084,-0.058673657561921576,-0.3206729433077271,-0.007893444551555148
0.06911438023646042,-0.02294594384617085,-0.0033577131072524934,0.04172474554867222,-0.03708392271772027
-0.012805109241307946,-0.013110312137359869,0.048080191380395265,-0.024582891543832374,0.011047684357690742
-0.019305684573409962,0.08113827464763744,-0.008748084819599171,0.0673308093578089,-0.0006772110317251645
-0.08369676599814284,0.09951741471832065,0.08376984890026506,0.012673385383895947,0.03256244541727938
0.036444172686824455,0.12348924275600438,0.0002982243425867637,0.115210131213571,-0.03140068938235345
0.0282822105246305,0.1570859792284682,0.03140471511629585,0.006072084495790477,-0.014882983625939232
0.04499910210462985,-0.24638831853080773,-0.008805938710138435,-0.11606719972005522,0.005811717095639324
0.0629802979422675,0.08738504832239415,0.022056002002500463,-0.09719947409830638,-0.00963579374976689
-0.2395346817244854,-0.24634028218959428,0.003822422355224262,-0.24112311901306385,0.002542419678356964
0.02919351813463436,0.05747125336354657,0.0032494432430394227,-0.018810332071880112,0.0005568559726816602
-0.005802286639045633,0.11231852725684803,-0.0003585241075415979,0.016434157238836632,-0.0005591482467571041
0.0311627809991478,0.16698767164809397,-0.034438596324907846,-0.03471124951794991,0.011356776780376094
0.15049234546881052,-0.054909430331754265,0.04747326775366673,-0.06525358550583406,0.03213945475388755
0.0052846758629311805,0.2014065654417209,0.020368839041329922,-0.11084108985149214,-0.023949438631316298
0.02857622990159143,-0.020292418053286382,0.03962124420684631,0.14380252048442344,-0.011111169712385162
0.0704651833472235,0.18776927161892673,-0.014673071487541165,0.004151966079443809,-0.08211971671269566
0.04166561319419998,-0.3468119134576773,-0.026922775632410776,-0.013368803563098481,-0.016092125667855724
-0.21385095254416228,-0.2004875293983787,0.02723443574152043,-0.035808063949734785,-0.008802348910248838
-0.027231707378814463,0.12544760215441783,-0.009273339583742199,0.02852067710526171,0.02539655543434492
0.09406651802324632,0.24436580649555253,-0.020012171129237685,-0.011432733821420698,-0.0006978946501840256
0.11443739198555704,0.057818526009759806,-0.027280816707207122,-0.10179598346730927,0.04295745411036478
-0.0010973362258664566,0.09064207729192277,-0.0011784611543043865,-0.007292462967852771,0.0044534748072328515
0.018702888653351693,-0.5116860984558298,-0.04384135450425674,-0.010178409282125357,0.03729543083973112
-0.01068901796672435,0.07091228091732774,0.02207715195891069,0.08474887120981293,0.011538833795057143
-0.006535791289497866,-0.16393295488869625,-0.03974671622185269,0.015691234222031197,0.03375628967816738
0.05677861197353195,-0.005717821635844302,0.08599173012105893,-0.057080430796186195,0.04315182940892555
0.013852169049641816,0.2017721952843385,-0.03341751097614178,0.1680544263884076,-0.01774585183171439
0.06911438023646042,-0.02294594384617085,-0.0033577131072524934,0.04172474554867222,-0.03708392271772027
-0.4431102195403946,-0.07056193685839389,-0.03113517692843743,-0.11155857963967719,-0.0023272037720744264
-0.009723473605881737,0.2594227383417092,0.027175739581143717,-0.031620468307155536,0.06290917439589976
0.06751794053794584,-0.027695527132855204,-0.0032269770865968896,0.024659501003843617,-0.0029757354978937655
0.0038143095960549546,0.01333124669476092,-0.0011506846332486021,0.10461470137881407,0.0003788365381478798
0.05101794302216149,-0.013501147218921688,0.028597719294266424,-0.011921150520538503,0.02562311319394212
-0.1209531991883705,-0.16352853234708165,0.12910780744161457,-0.006237221002229489,-0.04457810906380473
-0.14299171709857092,-0.14974378146569506,0.0002619678434712114,0.022112597100713175,0.010335679574054665
0.010942208591004601,-0.16675049149154803,-0.061783234214090044,0.008115457977546613,-0.017652916447259484
0.17085134004286373,0.04870934394119104,-0.027284350419649855,0.15097328869700505,0.034042401317856276
-0.09819725764755276,0.0983118814154659,-0.009111884827143512,-0.07871490534831536,-0.015745430105016566
0.0304092552739894,0.06711998020378815,0.008211563795302936,0.052556830462563084,0.0018746843916596844
0.018702888653351693,-0.5116860984558298,-0.04384135450425674,-0.010178409282125357,0.03729543083973112
0.003834665855538333,0.023898372574913083,-0.008606204798052203,0.06723385116682039,-0.00045465231611160564
-0.06502150985783374,-0.07300706223508314,0.0013708081182267052,0.032239635167861706,0.005286604331777198
0.10818928872813557,0.11200753301121949,-0.0033774290957444466,-0.016253143439535052,-0.007036652522037912
0.05691878007630294,0.025659132036162192,-0.009022837516604341,-0.017741997482553416,0.027064934655863907
0.0667387560653151,0.24019364784588107,-0.016435060636831623,0.047276214909434205,0.007781271577259758
-0.3459785144176567,0.05665514395197533,0.00026081772248289783,-0.21546266806784842,0.0008303979075571987
-0.0844704163291317,0.1511552066647346,-0.028705238572656527,0.02359986429248238,-0.003626160396670457
-0.12628618439448475,0.06506647152738879,-0.004782366584040573,-0.030270645370947022,0.022575902174139628
-0.027033076243533287,-0.007694970871234545,0.04083831696847483,0.030460814994003157,-0.004848124992277008
-0.11601173672279401,-0.3631737117040757,0.005781674807185482,0.008845892743775039,-0.013458620130550117
-0.08271247840399155,0.2665465285880782,0.00035161529973265715,0.1627245220703844,-0.0033473662000324113
0.13557287854506284,0.2582099375822145,0.00913016651160433,-0.09196747624761883,0.01251382629860018
-0.14675134659646574,0.032811435621752025,-0.021971468636620556,0.11525037429906661,0.009528511803218863
0.006852104353019968,0.03341344498749095,-0.012150293137492553,0.04319380699238536,0.028288104983439553
0.05209962485321739,0.011910014152635994,0.014600871406400984,0.05111518090605387,0.005063230256928364
-0.05146904613997322,-0.11335926452466083,0.0064565021065209295,-0.18083584811953188,-0.008185072194428357
0.016247496486539604,0.054136367314040396,0.004731047188834055,0.17783210605142813,0.00553524252747593
-0.10151511505551752,0.030109172600568855,-0.03671569744147746,0.013076773960056015,0.027605383088521195
-0.004426718930481002,-0.032695329180951374,-0.0004047904850085615,0.05191291025301325,0.041555029707888026
0.02481891215295036,-0.32261068002357207,0.0015657997666858137,-0.07453433057624352,0.005409157188842073
-0.11601173672279401,-0.3631737117040757,0.005781674807185482,0.008845892743775039,-0.013458620130550117
0.06460644023303758,0.09233905942441197,-0.0204431662071147,0.00593438427655201,-0.014112103075312916
0.008173196544739768,0.3098378973421495,-0.018780342928694155,-0.08998741580799105,0.018773299670647246
-0.4431102195403946,-0.07056193685839389,-0.03113517692843743,-0.11155857963967719,-0.0023272037720744264
-0.10069702655378933,0.0884044647441624,0.003035724291985389,0.11312024866074352,-0.007870003928692313
-0.0573588980032946,-0.3623486234414304,-0.025541668451041916,0.011727200103450741,-0.014937360422336496
-0.03227481611835628,0.0820928483942771,0.024702317807496002,0.06348333591471601,0.005583635871153092
0.008812885999359423,-0.149571768209953,-0.015094049401741359,-0.1241796967224218,-0.01821711929173034
0.10196844012389192,0.27961452604642545,-0.007492490559088765,-0.11426111772004333,0.006979156466768472
0.02289107651653467,-0.05861653154166561,-0.002643521681166021,0.16797216167164153,0.009888065148406894
0.020879014069651022,0.04403437388849852,0.0904306638872913,0.05872825176382321,0.0009507452880643541
-0.08369676599814284,0.09951741471832065,0.08376984890026506,0.012673385383895947,0.03256244541727938
-0.07755396881366323,0.06493097830978513,0.09551500503119315,-0.0960053946878088,0.0256344337407063
0.10522221510305826,-0.09735510683654866,0.15505154619313544,0.04725216822189395,-0.0011170088790822775
0.009025303266898845,0.049090843054364085,-0.0053672402375013915,-0.005324274514896388,0.00574078446625208
-0.004199922793923179,0.07895491897426837,-0.014527246856341663,0.2295203670221963,0.01561150755162089
0.0232790197324357,0.11312753773388977,0.013045965335295477,0.2060633482823323,-0.028862908104929374
0.052395008594176035,0.22110430908905981,-0.009176832348566677,0.015265984852157998,0.010570858690916793
0.061738298196869434,-0.010426235347331385,-0.048890185869386184,0.06683643292317357,-0.008372080599219772
0.009323889674560633,-0.010190080648098955,0.008834133233322064,0.002614983176936221,-0.002260118851336301
0.04499910210462985,-0.24638831853080773,-0.008805938710138435,-0.11606719972005522,0.005811717095639324
-0.078246917703691,0.1648371871643394,0.0012207922691231943,0.018712843274261103,-0.012544225260498934
0.07837971666449448,0.16071081399655668,0.0013204617581504862,0.026814191889316136,-0.015057633205142338
0.017781701860949396,0.05364665136010444,-0.020892333492538454,-0.021155047846696105,0.007960409683582838
-0.0498479694082198,-0.10734466045654699,0.0003418554286145081,0.042404287375284185,0.006397909434963367
-0.017762868629433798,0.06093418572818336,0.018696841878008855,-0.023795513675286203,0.0053162336403329395
0.048074597067970896,0.02943927259351767,-0.010520892977256153,0.0840372401451532,0.009603721235180274
0.07107079040928511,0.3148156810855653,-0.057205959585335225,-0.03297565339875291,-0.015570203311071965
-0.08002822750844643,0.022443003607040737,0.023754786508907274,0.20746474768828194,-0.011022351113570038
-0.003722221541320323,-0.06688951746840757,0.002735775016408297,-0.05712033470343158,-0.018379640579078114
0.10152699102261976,0.133420690569219,-0.0053607289896899606,-0.015099493534507928,-0.002008139120807755
0.09637743655279336,0.10464087275493511,-0.03858893796466873,-0.05434173557987378,-0.012299537090657396
0.036018404568021654,0.0797653413347507,-0.0280606295065445,0.037339456456720654,-0.0024171317246509715
0.051369675550231475,0.14687438835633657,-0.008117356858419952,0.028827999422937865,0.0049268784775631505
0.09114391072926083,0.19371643775863048,0.014512353998889012,-0.030943578821788834,-0.003995718825608492
0.06463245194492628,0.05579630715208623,0.03203253864274302,0.03505294927250361,0.0137862409761874
-0.08680938531644643,-0.3610317555061556,-0.02418093577340187,-0.10208209969925519,0.012740348570514471
0.020879014069651022,0.04403437388849852,0.0904306638872913,0.05872825176382321,0.0009507452880643541
-0.013189607692620484,0.18024781508913293,-0.03747802662444883,0.10011972985965258,-0.0151979113050038
-0.02169359669875121,0.05667630062867829,0.03347115511973243,0.04986317723683897,-0.018133254636777566
0.06066587448163773,0.048011202374982534,-0.028420905060193034,0.025876413742444128,-0.02707802911143517
-0.27978413225937404,-0.04056958665340062,0.02021561585008385,-0.1752926172025036,-0.02631856425832666
-0.13441647002509854,0.03856176353052433,0.02084598093188106,0.14525693778778076,-0.010543557797791436
0.07621304323650747,0.011718800359703891,0.0026256452407324104,0.008713368687676849,0.01247700569416338
-0.14299171709857092,-0.14974378146569506,0.0002619678434712114,0.022112597100713175,0.010335679574054665
-0.007935145172523335,0.22743671631571488,-0.030677657791457022,0.014157583055457508,0.025583687342877966
0.014358310893658199,0.07079697049834068,-0.004100470480007061,0.025969328256396692,0.004612665355743957
0.1067101574789558,0.29343364638432834,-0.032723246902023675,0.013262937960535055,-0.00015089278247614856
-0.16534188615114545,-0.0633540923162218,-0.047546388367773036,-0.17915281459965626,-0.012919344473484671
-0.03616512026608689,0.1538497774063944,-0.020302433662909607,0.06294867176889966,-0.00047956272996088953
0.06182617615544586,0.11349431227266905,0.009067361345259997,0.03140096093382454,0.029129525129683316
0.03152405867782363,0.043588666286377704,0.0468845268525547,0.1792678771213832,-0.006737847157710348
-0.08141085521499918,0.19967205688932155,-0.061716306894450096,0.06266602934611001,0.025458821729407645
0.06351912225960404,0.060127331210678675,0.0005378227822075133,0.04142661254427367,-0.0009407423014636152
-0.005523060572886607,0.07559880146327487,-0.03026729914417956,0.044693208169119314,0.012186634625977603
0.10162904571385298,0.14906725683278638,0.050301076507930705,-0.05334107884768855,0.04609489955335448
-0.006386959295850829,0.12046737159886106,0.15764132705313386,0.09079275469317509,0.03305367956199916
0.08317217368108686,-0.0022331347572617233,-0.008902840986775119,0.08278726256357913,-0.009213923459756189
-0.013896526350581553,-0.4051671785232611,0.02335190954265272,-0.12018537953590566,-0.01281092119999812
-0.4145120071264819,-0.1277810892164416,-0.014443565326728277,-0.21945771707170933,-0.02043046419188613
-0.016778178001768538,-0.047437812797470544,0.018751563089354023,0.05716268365060387,-0.010177892935389536
0.007810435176506872,-0.013675206732514197,0.08730400792483124,0.04876588425955561,0.037744130369683264
-0.048552495721269226,-0.20431116275223757,-0.01860388766770484,0.005025112367402471,-0.25693651920795674
-0.015017613266099943,0.12362705315681524,0.1084309928060975,0.06265048447236041,0.007484106330084614
-0.05573115908220643,-0.006260322612288292,-0.051116372811156906,-0.2005873716589849,0.020261054723850976
0.06559338769176976,0.16721167857827823,-0.032632598122108905,0.013279669632320293,-0.02040910787312896
-0.023774447212272207,0.11849542909600132,0.014961181052567553,-0.013791547322762198,0.007968319791980321
0.06247158117301296,0.01815714655660486,-0.02799032808674383,0.13951382381939767,0.022658855989284347
0.030873453102540225,0.012157667873652826,-0.027370803828234785,-0.03384335956623545,-0.00446391141274944
-0.048979365569975924,0.03506208517115738,0.0168549121281103,-0.00959934028927819,0.02182647167570394
0.09437147687294782,-0.008357465925400901,0.041989025028888134,0.10942110296186001,-0.021079119239002467
0.025734769639384467,-0.02690870185098902,-0.0090706458807108,0.036344277428725036,0.02057161562748661
-0.013698118784304825,-0.12212745553359128,-0.020579170007440552,-0.2263108130402543,-0.017051521942630644
-0.4351182218117174,-0.059766846358215844,-0.014169355338235618,-0.02680867968199891,-0.0006460548800532706
-0.08212005561166734,-0.24113786010737384,0.020924084044527263,0.01888883801682823,0.032491548403631894
0.027288142175093524,0.15199723531241033,0.01638738401568844,-0.11452725974158966,0.006634053581656189
0.013530355272523593,0.1618095094932869,-0.028114940057712375,0.028802327093908387,0.027090375372790732
0.11978042491464294,0.22283109493026132,0.050693716700043294,-0.09690174197843589,0.02571184087693837
0.05691878007630294,0.025659132036162192,-0.009022837516604341,-0.017741997482553416,0.027064934655863907
0.010294006659896694,-0.026952878665215393,0.08184728441085098,-0.03139764287249818,-0.03341140846408962
-0.10175251166627276,-0.3621856183095224,0.05348166260728249,-0.016599295793821512,0.00806410061835777
0.02615483874178608,0.1513869321529637,0.03899842261373124,0.09660215932512074,0.02393124634603737
-0.021593191034407936,0.07574457699029154,0.011290872616591514,0.0238270512039162,-0.012306477336096577
0.06460644023303758,0.09233905942441197,-0.0204431662071147,0.00593438427655201,-0.014112103075312916
0.15446463461441454,-0.0664404684928195,-0.0166034847368428,0.13198895369587263,-0.011201193093693291
-0.4058464822841779,-0.1031590686193158,-0.06229385158068908,-0.05957951201522519,-0.0009090029262006282
-0.19765961238228102,0.20067139649599994,-0.03499968331329001,0.01363703140828875,0.011332298961133348
-0.033804407588468165,-0.4745968658036145,0.011909177399065812,-0.06790473439235939,-0.015275388045338331
-0.006386959295850829,0.12046737159886106,0.15764132705313386,0.09079275469317509,0.03305367956199916
0.0009838253892667126,-0.16855930446770798,-0.03619200626570091,-0.002690736781587475,-0.03961146757006645
-0.03466439130614162,-0.11568104207533907,0.01593843158620075,0.18163665683867294,0.004969756360369501
0.07137473750743084,0.08039460398347728,0.03268756388031761,0.007846274045223254,0.03471423384260561
0.11315340237026249,0.11078545231324824,0.02073607186830486,0.10446379286775481,-0.01722939081315417
0.003066203870475874,0.06893557191931904,0.08017723407854646,-0.049346863067039524,-0.002603352477890439
0.11435382924952137,0.07316961728058231,-0.009452468903746195,0.009903498994226538,-0.03154733809013124
-0.05528523405257147,-0.2740734188222268,0.029386420928603912,-0.049436693474635834,0.002169036431441782
0.10390790262208612,0.05170722305025265,0.04112517146269965,0.07161581034517439,0.0031157408919534647
0.014142854481106042,0.03685003880405929,0.00732045123260832,0.031245345737006575,0.009744180512279854
-0.0264194324665732,0.2544076280346417,-0.020183482946740695,0.16420734999170236,0.0018688353292236571
-0.2228756336371589,0.01902572962695558,-0.07293534051641473,0.040122399251849857,0.015728252454064204
-0.2513686851460079,-0.035798531713990084,-0.10511403764146962,-0.013492159597408317,-0.010770365072385175
0.010086860633105061,0.23284752929994285,0.009130258132317976,-0.029908650135548668,-0.010025871044490486
0.035619370998610976,0.09265396338800201,-0.0018268846743376343,0.03252822789545462,-0.006871650715766009
0.06463245194492628,0.05579630715208623,0.03203253864274302,0.03505294927250361,0.0137862409761874
0.15446463461441454,-0.0664404684928195,-0.0166034847368428,0.13198895369587263,-0.011201193093693291
-0.08747230862318248,-0.48621833518314816,0.0046288221264694585,-0.06741644029898453,-0.00012487013402278534
0.02289107651653467,-0.05861653154166561,-0.002643521681166021,0.16797216167164153,0.009888065148406894
0.023364847750053742,0.06669520536059281,-0.008074583134512068,0.08532410065185105,0.012219945137658214
-0.04988427470976603,-0.2117676029633367,-0.06576908738570637,-0.20900850317841105,-0.0064451648938120346
0.026158129716059193,0.13988990324120096,-0.008529137880213967,0.05377915815573942,-0.0212096699509857
0.01948700710767298,0.08171039140699576,0.010176948353473563,0.1307068844337482,0.017210684880410554
0.040884210930380506,0.002822076053234923,-0.010735045025576255,0.001995721769417287,0.042076420098310335
0.07698290386535518,0.02019733931389055,-0.03357381785084726,-0.14657440074704936,0.02055516849839478
-0.113059785488731,-0.2025225831689386,0.03451341395157215,-0.0031612034064164617,-0.0022181022818404017
-0.0498479694082198,-0.10734466045654699,0.0003418554286145081,0.042404287375284185,0.006397909434963367
-0.0598501393270999,0.26373818921689235,0.05052437846698012,-0.03356279872750747,-0.0009658635666710324
-0.019843197198861164,0.2496549063556449,0.031316028853216264,-0.015278616826035431,0.026044800549425418
0.051081575314565274,0.037906116343601755,-0.007737961536258808,0.22853760868616518,0.019732005122932605
0.09727797717860084,0.04933270897425245,-0.018267450703569922,6.910040679940722e-05,0.015201326729074935
0.02487953637719329,-0.27479015634788084,-0.058673657561921576,-0.3206729433077271,-0.007893444551555148
0.02731334751493705,0.11061357545411737,-0.004289814797102736,0.05644308836841447,-0.0047919118064237405
0.023257633191969943,-0.012959264156161226,-0.00924395364781958,0.017621758340319503,-0.013719603870558785
0.1564127426086634,0.027456442362745293,0.012797116317669862,-0.04450186510432104,-0.013786380109668244
-0.1011631705391619,-0.06815757720436523,-0.004963343556701147,0.049208571877461506,0.037727174919637035
0.002093573430174729,-0.2671789788484966,-0.048430184621247464,-0.05715409983786231,-0.03816581284612766
-0.09299459290483356,-0.06848026476753148,-0.027725875333708246,-0.1597503804000371,0.0016657295358891134
0.009117982951297563,0.2572464477628455,-0.0047148264130737515,-0.001252284315378347,0.012378215811113478
-0.047445150737548826,-0.16388483374201315,-0.03681094208972354,-0.04739288228200166,-0.005472078480815981
0.05123960322307539,0.06275750090324436,-0.006331136638509633,0.052972929030765954,0.002207253006126848
-0.23145550154971717,-0.22571920018388483,-0.0032561616770908587,-0.02433759965340869,-0.01242559544785763
-0.2315292580887035,0.04266123908262671,0.0404257213294386,0.032068419980023466,0.03265171413033386
-0.26650305231527455,0.04409157421992859,-0.034629785944562175,0.011129868956377322,0.009010335608545575
0.02857622990159143,-0.020292418053286382,0.03962124420684631,0.14380252048442344,-0.011111169712385162
-0.13441647002509854,0.03856176353052433,0.02084598093188106,0.14525693778778076,-0.010543557797791436
0.17085134004286373,0.04870934394119104,-0.027284350419649855,0.15097328869700505,0.034042401317856276
0.01464345249656617,0.2231015328317517,0.02899506841404218,0.00011570177270186832,-0.0005505453697696793
-0.23532074952869153,0.10176036699547694,-0.0745907061881735,-0.035083643909019885,-0.021688422800798433
0.012575764105422422,0.07911139417177765,-0.007653074703412131,0.0180492878350924,-0.02079584240273107
0.03777217206057685,0.09513854512450053,0.0077103455165706694,0.033994334888702724,0.00865231012856384
0.04641918170909776,0.12601153569063173,0.011137207649226185,0.18630026766426455,0.00038397549360524863
0.036109223230814676,-0.45481358799348526,-0.025002690149703993,-0.04683951412200258,0.002046319449073053
0.04510776687027828,0.10718974490140681,0.05104977953640628,0.010718173804634716,-0.010978807370411231
-0.45988771030286446,-0.029207235439571377,0.005716185320434306,-0.08615820387509303,-0.005572141844895668
0.0304092552739894,0.06711998020378815,0.008211563795302936,0.052556830462563084,0.0018746843916596844
0.05677861197353195,-0.005717821635844302,0.08599173012105893,-0.057080430796186195,0.04315182940892555
0.018702888653351693,-0.5116860984558298,-0.04384135450425674,-0.010178409282125357,0.03729543083973112
0.0053757404301723,-0.1393178685111161,-0.03122351102923858,-0.10211892615930993,-0.0040052531335095405
0.002139880925678881,-0.37532569584385783,-0.01762190260604257,-0.14288092758546556,-0.013295542261912487
-0.04927400212116481,0.023165566341303928,0.08666864283541145,0.030400565150848706,0.008415425903149299
0.11953084311007842,-0.015630902704797337,0.027932677596691064,0.06923088553150591,0.02948395351675572
-0.06954619634590926,-0.07865512494819996,-0.026391311332990882,-0.3531263781325015,-0.011505494920129422
-0.05444216031064571,0.06924493222400997,0.04005849840847077,-0.0002733025782072218,0.012857817724143388
0.05136848580252263,0.050278921626741066,0.007518311044404982,0.024854741895469486,0.012434831898426637
0.10330296908636229,0.021962113033077914,0.022515818975080037,-0.04192076954441291,-0.00776618793795933
0.08124254231632222,0.062348418356341424,0.005049259799379797,0.05624554402951617,0.0072732612008985596
0.1004241786044804,0.05575941665229038,0.015687568163557444,0.0257514367231488,-0.046191243470966585
-0.14942858392823838,0.07852048727483635,-0.024276702217612182,0.055794298071086816,0.003220456790586468
0.11315340237026249,0.11078545231324824,0.02073607186830486,0.10446379286775481,-0.01722939081315417
0.10264335578045575,0.0180218176512426,-0.0016736063075222774,0.01429618420159386,-0.02072053067982779
-0.014389742701969226,0.12988757895411254,-0.016262691883894148,-0.09895018380862894,0.0017883719638120965
-0.05440377049380914,-0.0439292803443459,0.08679708239746105,0.06091854259764659,-0.039093612358046814
0.11586887770783505,0.056479305619395744,-0.007897364146519975,0.02163192465341126,-0.006985914477845654
-0.0021618343927548266,0.14331687603167664,-0.0063989331862831025,-0.04214811123398249,-0.0010770235839299858
0.033818102282311885,0.2672768180852654,0.05482002064734843,-0.04573340182403626,0.029984380963724105
0.12359324490418658,0.2097814664213729,0.009862818307847193,-0.05268717782208114,-0.006321767327935959
0.0926560221039108,-0.06523485109188186,0.07057541869187844,0.16082868441597384,-0.008273553404869745
-0.1976422281780833,0.02022515159944305,0.009999149451032282,-0.08004057899219333,0.0022170259396807526
0.024962369844361093,0.05114129189514642,0.0022412295505637304,0.022280441052716923,0.05016172768060642
-0.45988771030286446,-0.029207235439571377,0.005716185320434306,-0.08615820387509303,-0.005572141844895668
0.07581885610896279,0.10612860651115624,0.00028102041105739774,0.04379563175476506,0.0028087288588722003
0.01078697046803427,-0.24647343260861818,-0.04044760630764358,-0.09795659625291592,-0.03835051702801138
-0.08826410700832639,-0.25168909717336646,-0.008885118535836227,0.005598199076557648,-0.013212547166112927
-0.08680938531644643,-0.3610317555061556,-0.02418093577340187,-0.10208209969925519,0.012740348570514471
0.08357726932514196,0.036527717338067305,0.02004194170833216,-0.019863471685675906,0.0012133656054720632
0.020522654354936096,-0.13166873276328261,-0.018871386886348773,-0.0809983681896847,-0.2714467189717834
-0.23532074952869153,0.10176036699547694,-0.0745907061881735,-0.035083643909019885,-0.021688422800798433
-0.01505366363430312,0.11417327917482907,0.03488528204783506,0.07180647211091128,0.0006801678720512427
0.07360684099417995,0.1724362943469532,-0.013542500294133787,0.07291095178101387,0.009032466675998876
-0.03466439130614162,-0.11568104207533907,0.01593843158620075,0.18163665683867294,0.004969756360369501
-0.08826410700832639,-0.25168909717336646,-0.008885118535836227,0.005598199076557648,-0.013212547166112927
-0.2969543383481505,0.037668319584081476,-0.003986116967280395,-0.10592142675101059,0.01096373627842695
-0.0016954923722732928,0.13033274038571108,0.04448184287273762,0.009563153389499347,-0.010325868884392549
0.04018541793302575,0.1009646159010299,0.010898229532140249,0.011125139543655677,0.002585258076360333
0.02481891215295036,-0.32261068002357207,0.0015657997666858137,-0.07453433057624352,0.005409157188842073
-0.27884935271780703,-0.25508170227578375,-0.04488385841486888,-0.07543196881404583,-0.018086420575273224
0.039315428113623055,0.2994936088370014,-0.037194787859843925,0.03112539140303852,-0.010183056526584551
0.033390695098423746,0.1365853400317792,-0.012895379972178489,0.02287987320298271,-0.00016781400630861754
-0.10442916454623628,-0.06440292243732984,0.007444875216897344,0.010501455750563764,0.028268758659105515
-0.08212005561166734,-0.24113786010737384,0.020924084044527263,0.01888883801682823,0.032491548403631894
-0.019375707520957804,-0.002805903428416059,0.02230506130403228,0.0913327230833238,-0.011243457055388716
-0.0573588980032946,-0.3623486234414304,-0.025541668451041916,0.011727200103450741,-0.014937360422336496
0.07137473750743084,0.08039460398347728,0.03268756388031761,0.007846274045223254,0.03471423384260561
0.17012158294142865,0.031058780005696462,-0.017917630112478947,-0.02374977784703333,-0.021417876670820988
0.019648516657980508,0.07284177645487944,0.023894363889976376,-0.025286373378803545,-0.009751113392485421
0.06260323197890102,0.08938034747607163,0.08825538179444266,0.026223106592233307,0.039517605518485655
0.024073659561909152,-0.1489015423057208,-0.021634971282765036,-0.0947883432044182,-0.006321857305374578
0.17012158294142865,0.031058780005696462,-0.017917630112478947,-0.02374977784703333,-0.021417876670820988
-0.0975063294514257,0.07745044154467905,0.08468095624513808,0.09657833404700795,0.04954663436539704
-0.009723473605881737,0.2594227383417092,0.027175739581143717,-0.031620468307155536,0.06290917439589976
-0.003599753727248753,-0.2601278330722198,0.007271474058070453,-0.11667107420944375,-0.002517595479293959
0.0182486600232005,0.08107220608753778,0.008177747173976967,0.09611997718842759,0.003090564898739103
0.012126833282818552,0.13921710366485057,0.08292852120437601,0.01387186122170533,-0.0062131944164866585
-0.0032660038319590966,0.037558985148189096,0.015674801524728537,0.1472933901185752,0.017257220518404212
-0.08712398405397835,0.09534051829559757,0.017634197185652737,0.058242277124591055,0.0035298501748184208
0.10664574590125994,0.06548865136604945,-0.01613086797937285,-0.09187830877563101,-0.008395919964823407
-0.13627003339606744,0.3118378103012583,0.1411310473056801,0.04214188580059272,-0.011130282859376166
-0.07174620805046289,-0.03886824578523374,-0.008025665036657302,-0.17869616393279103,0.029799634633527604
-0.05146904613997322,-0.11335926452466083,0.0064565021065209295,-0.18083584811953188,-0.008185072194428357
0.003910201579419664,0.09040900442443672,0.007587752047547838,0.05494362557590648,0.01105488840767066
-0.08002822750844643,0.022443003607040737,0.023754786508907274,0.20746474768828194,-0.011022351113570038
-0.1931542398039892,0.15316708336544252,0.05902854043786647,-0.03251094068782549,0.01383070310606854
0.07667377317651698,0.09515752211260406,-0.0014181067899698974,0.05185445057490142,-0.00751631894367165
